Recency,Frequency,Monetary,Days_Since_Purchase,Purchase_Rate,Unique_Products,Avg_Basket_Size,Return_Rate,Max_Single_Order,Monetary_Percentile,Cluster,Segment_Name,CLV_Predicted_90d,CLV_Tier
16.0,1,49.5,9.0,0.04,7,50.0,0.0,115.5,0.42894248608534324,0,Champions,110.1,📉 Low
0.0,0,0.0,33.0,0.0,1,16.0,0.0,175.2,0.41855287569573285,0,Champions,0.0,💤 Churned
0.0,0,0.0,187.0,0.0,17,96.0,0.0,162.7,0.41855287569573285,0,Champions,0.0,💤 Churned
170.0,2,111.98,44.0,0.009345794392523364,73,439.3333333333333,0.0,1053.79,0.4671614100185529,0,Champions,279.14,💰 Mid
63.0,1,168.1,79.0,0.007042253521126761,24,79.0,0.0,335.5,0.548051948051948,0,Champions,179.61,💰 Mid
0.0,0,0.0,282.0,0.0,3,96.0,0.0,37.2,0.41855287569573285,0,Champions,0.0,💤 Churned
0.0,0,0.0,155.0,0.0,14,88.0,0.0,266.4,0.41855287569573285,0,Champions,0.0,💤 Churned
0.0,0,0.0,16.0,0.0,10,216.0,0.0,725.6400000000001,0.41855287569573285,0,Champions,0.0,💤 Churned
278.0,3,248.08333333333334,5.0,0.01060070671378092,24,87.8,0.0,335.8,0.6448979591836734,0,Champions,264.32,💰 Mid
56.0,1,404.29,156.0,0.0047169811320754715,107,128.66666666666666,0.0,597.3,0.8267161410018553,0,Champions,388.73,💰 Mid
0.0,0,0.0,233.0,0.0,11,94.0,0.0,225.6,0.41855287569573285,0,Champions,0.0,💤 Churned
0.0,0,0.0,102.0,0.0,2,2.0,0.0,9.2,0.41855287569573285,0,Champions,0.0,💤 Churned
29.0,1,143.0,247.0,0.0036231884057971015,10,177.0,0.0,258.9,0.5131725417439703,0,Champions,0.0,💤 Churned
0.0,0,0.0,261.0,0.0,1,39.0,0.0,134.55,0.41855287569573285,0,Champions,0.0,💤 Churned
0.0,0,0.0,194.0,0.0,14,133.0,0.0,249.57,0.41855287569573285,0,Champions,0.0,💤 Churned
37.0,1,179.10000000000002,239.0,0.0036231884057971015,9,45.0,0.0,179.10000000000002,0.5614100185528756,0,Champions,0.0,💤 Churned
0.0,0,0.0,243.0,0.0,19,249.0,0.0,332.41,0.41855287569573285,0,Champions,0.0,💤 Churned
0.0,0,0.0,242.0,0.0,8,90.0,0.0,153.9,0.41855287569573285,0,Champions,0.0,💤 Churned
110.0,2,91.05,18.0,0.015625,14,68.66666666666667,0.0,236.0,0.4489795918367347,0,Champions,132.31,📉 Low
265.0,4,251.0675,10.0,0.014545454545454545,51,112.2,0.0,402.32,0.6478664192949907,0,Champions,454.77,💰 Mid
222.0,2,261.36,5.0,0.00881057268722467,78,182.0,0.0,299.67,0.6593692022263451,0,Champions,317.11,💰 Mid
0.0,0,0.0,52.0,0.0,38,309.0,0.0,599.68,0.41855287569573285,0,Champions,316.06,💰 Mid
0.0,0,0.0,26.0,0.0,14,125.0,0.0,234.17,0.41855287569573285,0,Champions,0.0,💤 Churned
0.0,0,0.0,71.0,0.0,9,246.0,0.0,345.29999999999995,0.41855287569573285,0,Champions,0.0,💤 Churned
1.0,1,9.75,71.0,0.013888888888888888,15,22.5,0.0,91.22,0.42003710575139147,0,Champions,0.0,💤 Churned
37.0,1,444.90000000000003,44.0,0.012345679012345678,42,193.0,0.0,444.90000000000003,0.8545454545454545,0,Champions,499.92,💰 Mid
1.0,1,101.76,73.0,0.013513513513513514,2,240.0,0.0,407.04,0.45343228200371055,0,Champions,0.0,💤 Churned
0.0,0,0.0,169.0,0.0,18,39.0,0.0,170.95,0.41855287569573285,0,Champions,0.0,💤 Churned
0.0,0,0.0,135.0,0.0,6,90.0,0.0,314.22,0.41855287569573285,0,Champions,0.0,💤 Churned
37.0,1,121.80000000000001,150.0,0.0053475935828877,24,40.5,0.0,121.80000000000001,0.48348794063079775,0,Champions,0.0,💤 Churned
54.0,3,68.62,220.0,0.010948905109489052,35,36.8,0.0,125.56,0.43673469387755104,0,Champions,0.0,💤 Churned
0.0,0,0.0,233.0,0.0,4,56.0,0.0,114.68,0.41855287569573285,0,Champions,0.0,💤 Churned
0.0,0,0.0,39.0,0.0,43,76.0,0.0,114.92,0.41855287569573285,0,Champions,136.2,📉 Low
34.0,1,200.17000000000002,93.0,0.007874015748031496,20,71.5,0.0,200.17000000000002,0.5910946196660483,0,Champions,166.37,💰 Mid
63.0,1,303.82,128.0,0.005235602094240838,24,42.5,0.0,303.82,0.7087198515769945,0,Champions,210.78,💰 Mid
0.0,0,0.0,128.0,0.0,7,272.0,0.0,306.72,0.41855287569573285,0,Champions,0.0,💤 Churned
0.0,0,0.0,6.0,0.0,40,337.0,0.0,347.5,0.41855287569573285,0,Champions,219.04,💰 Mid
0.0,0,0.0,269.0,0.0,9,82.0,0.0,422.70000000000005,0.41855287569573285,0,Champions,0.0,💤 Churned
0.0,0,0.0,82.0,0.0,20,220.0,0.0,532.94,0.41855287569573285,0,Champions,0.0,💤 Churned
0.0,0,0.0,158.0,0.0,2,120.0,0.0,594.0,0.41855287569573285,0,Champions,0.0,💤 Churned
0.0,0,0.0,179.0,0.0,50,252.0,0.0,283.73,0.41855287569573285,0,Champions,0.0,💤 Churned
0.0,0,0.0,177.0,0.0,4,31.0,0.0,62.85,0.41855287569573285,0,Champions,0.0,💤 Churned
91.0,1,413.33,151.0,0.004132231404958678,158,251.66666666666666,0.0,421.95,0.8330241187384044,0,Champions,460.54,💰 Mid
0.0,0,0.0,176.0,0.0,13,581.0,0.0,752.4300000000001,0.41855287569573285,0,Champions,0.0,💤 Churned
128.0,2,375.18,52.0,0.011111111111111112,57,259.3333333333333,0.0,469.76,0.8037105751391466,0,Champions,544.81,💰 Mid
0.0,0,0.0,48.0,0.0,8,94.0,0.0,197.9,0.41855287569573285,0,Champions,0.0,💤 Churned
0.0,0,0.0,159.0,0.0,8,35.0,0.0,183.4,0.41855287569573285,0,Champions,0.0,💤 Churned
251.0,6,106.60833333333333,31.0,0.02127659574468085,57,100.42857142857143,0.0,202.12,0.45862708719851575,0,Champions,281.3,💰 Mid
0.0,0,0.0,268.0,0.0,10,79.0,0.0,271.05,0.41855287569573285,0,Champions,0.0,💤 Churned
0.0,0,0.0,214.0,0.0,23,102.0,0.0,141.92000000000002,0.41855287569573285,0,Champions,0.0,💤 Churned
260.0,1,979.64,10.0,0.003703703703703704,31,454.0,0.0,979.64,0.9717996289424861,1,Loyal Customers,638.49,💰 Mid
244.0,5,148.98399999999998,3.0,0.020242914979757085,56,203.33333333333334,0.0,563.15,0.5228200371057514,0,Champions,590.98,💰 Mid
39.0,1,221.44,236.0,0.0036363636363636364,58,159.5,0.0,378.53000000000003,0.6159554730983302,0,Champions,0.0,💤 Churned
154.0,4,372.46,86.0,0.016666666666666666,89,304.6,0.0,546.38,0.8007421150278293,0,Champions,690.12,💰 Mid
0.0,0,0.0,164.0,0.0,17,277.0,0.0,193.5,0.41855287569573285,0,Champions,0.0,💤 Churned
211.0,5,122.82000000000001,1.0,0.02358490566037736,11,191.16666666666666,0.0,320.52,0.4849721706864564,0,Champions,260.22,💰 Mid
0.0,0,0.0,186.0,0.0,19,444.0,0.0,237.36,0.41855287569573285,0,Champions,0.0,💤 Churned
0.0,0,0.0,64.0,0.0,21,160.0,0.0,318.05,0.41855287569573285,0,Champions,0.0,💤 Churned
0.0,0,0.0,128.0,0.0,6,58.0,0.0,134.7,0.41855287569573285,0,Champions,0.0,💤 Churned
0.0,0,0.0,282.0,0.0,1,1.0,0.0,15.0,0.41855287569573285,0,Champions,0.0,💤 Churned
19.0,1,15.0,3.0,0.045454545454545456,8,29.5,0.0,113.5,0.42189239332096473,0,Champions,99.48,📉 Low
0.0,0,0.0,276.0,0.0,4,106.0,0.0,307.82000000000005,0.41855287569573285,0,Champions,0.0,💤 Churned
0.0,0,0.0,269.0,0.0,5,40.0,0.0,74.4,0.41855287569573285,0,Champions,0.0,💤 Churned
0.0,0,0.0,268.0,0.0,25,438.0,0.0,351.3,0.41855287569573285,0,Champions,0.0,💤 Churned
0.0,0,0.0,46.0,0.0,10,210.0,0.0,210.0,0.41855287569573285,0,Champions,0.0,💤 Churned
36.0,2,313.365,24.0,0.03333333333333333,48,186.33333333333334,0.0,580.08,0.7324675324675325,0,Champions,739.36,💰 Mid
195.0,2,163.3,87.0,0.0070921985815602835,131,77.75,0.0,312.37,0.5424860853432282,0,Champions,299.12,💰 Mid
0.0,0,0.0,162.0,0.0,1,100.0,0.0,85.0,0.41855287569573285,0,Champions,0.0,💤 Churned
186.0,1,165.20000000000002,1.0,0.0053475935828877,12,56.0,0.0,165.20000000000002,0.5443413729128015,0,Champions,137.23,📉 Low
0.0,0,0.0,283.0,0.0,51,161.0,0.0,202.48,0.41855287569573285,0,Champions,121.85,📉 Low
0.0,0,0.0,39.0,0.0,93,944.0,0.0,1595.48,0.41855287569573285,1,Loyal Customers,370.24,💰 Mid
0.0,0,0.0,83.0,0.0,7,98.0,0.0,191.94,0.41855287569573285,0,Champions,0.0,💤 Churned
0.0,0,0.0,121.0,0.0,3,34.0,0.0,214.5,0.41855287569573285,0,Champions,0.0,💤 Churned
86.0,2,463.555,107.0,0.010362694300518135,85,245.0,0.0,555.71,0.8653061224489796,0,Champions,589.67,💰 Mid
0.0,0,0.0,31.0,0.0,16,338.0,0.0,213.15,0.41855287569573285,0,Champions,0.0,💤 Churned
154.0,2,396.94500000000005,125.0,0.007168458781362007,87,148.33333333333334,0.0,530.85,0.8222634508348794,0,Champions,539.14,💰 Mid
0.0,0,0.0,118.0,0.0,23,36.0,0.0,63.440000000000005,0.41855287569573285,0,Champions,0.0,💤 Churned
0.0,0,0.0,211.0,0.0,23,139.0,0.0,530.15,0.41855287569573285,0,Champions,0.0,💤 Churned
0.0,0,0.0,128.0,0.0,1,100.0,0.0,179.0,0.41855287569573285,0,Champions,0.0,💤 Churned
0.0,0,0.0,8.0,0.0,57,165.0,0.0,362.13,0.41855287569573285,0,Champions,250.15,💰 Mid
0.0,0,0.0,76.0,0.0,6,17.0,0.0,131.45000000000002,0.41855287569573285,0,Champions,0.0,💤 Churned
107.0,3,371.5533333333333,101.0,0.014423076923076924,64,253.0,0.0,589.4,0.7981447124304267,0,Champions,710.91,💰 Mid
0.0,0,0.0,113.0,0.0,8,66.0,0.0,131.7,0.41855287569573285,0,Champions,0.0,💤 Churned
245.0,1,99.1,38.0,0.0035335689045936395,10,30.5,0.0,99.1,0.45231910946196663,0,Champions,68.69,📉 Low
0.0,0,0.0,230.0,0.0,10,92.0,0.0,153.0,0.41855287569573285,0,Champions,0.0,💤 Churned
0.0,0,0.0,16.0,0.0,1,20.0,0.0,17.0,0.41855287569573285,0,Champions,0.0,💤 Churned
0.0,0,0.0,111.0,0.0,6,62.0,0.0,143.1,0.41855287569573285,0,Champions,0.0,💤 Churned
0.0,0,0.0,263.0,0.0,54,688.0,0.0,1141.24,0.41855287569573285,0,Champions,0.0,💤 Churned
0.0,0,0.0,6.0,0.0,80,179.0,0.0,468.34,0.41855287569573285,0,Champions,285.21,💰 Mid
0.0,0,0.0,67.0,0.0,11,110.0,0.0,210.10000000000002,0.41855287569573285,0,Champions,0.0,💤 Churned
112.0,1,163.3,171.0,0.0035335689045936395,22,104.0,0.0,226.14,0.5424860853432282,0,Champions,145.73,📉 Low
224.0,1,164.0,58.0,0.0035460992907801418,19,46.5,0.0,199.65,0.5424860853432282,0,Champions,152.79,💰 Mid
0.0,0,0.0,53.0,0.0,3,72.0,0.0,90.0,0.41855287569573285,0,Champions,0.0,💤 Churned
73.0,2,1482.585,145.0,0.009174311926605505,49,1361.46111111111,0.0,2949.12,0.9862708719851577,1,Loyal Customers,1373.14,🐋 Whale
0.0,0,0.0,277.0,0.0,6,36.0,0.0,87.5,0.41855287569573285,0,Champions,0.0,💤 Churned
0.0,0,0.0,276.0,0.0,6,47.0,0.0,120.65,0.41855287569573285,0,Champions,0.0,💤 Churned
224.0,2,578.585,54.0,0.007194244604316547,68,211.0,0.0,606.53,0.9083487940630798,0,Champions,660.73,💰 Mid
92.0,1,304.8,120.0,0.0047169811320754715,37,171.5,0.0,801.6,0.7098330241187384,0,Champions,323.61,💰 Mid
0.0,0,0.0,127.0,0.0,6,43.0,0.0,199.85000000000002,0.41855287569573285,0,Champions,0.0,💤 Churned
0.0,0,0.0,83.0,0.0,6,45.0,0.0,178.51999999999998,0.41855287569573285,0,Champions,0.0,💤 Churned
0.0,0,0.0,171.0,0.0,13,119.0,0.0,327.25,0.41855287569573285,0,Champions,0.0,💤 Churned
74.0,1,322.85,102.0,0.005681818181818182,59,113.5,0.0,322.85,0.7454545454545455,0,Champions,295.56,💰 Mid
0.0,0,0.0,216.0,0.0,24,37.0,0.0,142.4,0.41855287569573285,0,Champions,0.0,💤 Churned
103.0,1,155.8,3.0,0.009433962264150943,32,59.0,0.0,155.8,0.5324675324675324,0,Champions,185.24,💰 Mid
0.0,0,0.0,275.0,0.0,64,231.0,0.0,398.08,0.41855287569573285,0,Champions,0.0,💤 Churned
0.0,0,0.0,124.0,0.0,6,70.0,0.0,92.72,0.41855287569573285,0,Champions,0.0,💤 Churned
0.0,0,0.0,179.0,0.0,22,222.0,0.0,343.62,0.41855287569573285,0,Champions,0.0,💤 Churned
0.0,0,0.0,87.0,0.0,10,254.0,0.0,302.46000000000004,0.41855287569573285,0,Champions,0.0,💤 Churned
0.0,0,0.0,223.0,0.0,25,55.0,0.0,195.35,0.41855287569573285,0,Champions,0.0,💤 Churned
0.0,0,0.0,206.0,0.0,1,72.0,0.0,76.32000000000001,0.41855287569573285,0,Champions,0.0,💤 Churned
60.0,1,200.0,4.0,0.015625,35,143.5,0.0,626.88,0.5907235621521336,0,Champions,440.26,💰 Mid
0.0,0,0.0,59.0,0.0,82,142.0,0.0,296.32,0.41855287569573285,0,Champions,215.6,💰 Mid
0.0,0,0.0,283.0,0.0,5,51.0,0.0,115.65,0.41855287569573285,0,Champions,0.0,💤 Churned
0.0,0,0.0,16.0,0.0,37,447.0,0.0,485.98,0.41855287569573285,0,Champions,256.57,💰 Mid
188.0,1,335.87,80.0,0.0037313432835820895,30,407.5,0.0,357.94,0.7576994434137291,0,Champions,254.97,💰 Mid
0.0,0,0.0,22.0,0.0,17,11.5,0.0,27.36,0.41855287569573285,0,Champions,99.06,📉 Low
90.0,2,169.03,38.0,0.015625,36,208.0,0.0,189.28,0.5487940630797774,0,Champions,280.67,💰 Mid
94.0,1,135.0,85.0,0.00558659217877095,10,126.0,0.0,300.0,0.5042671614100186,0,Champions,161.74,💰 Mid
0.0,0,0.0,39.0,0.0,219,1361.46111111111,0.0,3685.0121999999938,0.41855287569573285,1,Loyal Customers,825.28,💰 Mid
72.0,2,73.38,17.0,0.02247191011235955,10,48.333333333333336,0.0,136.95,0.437847866419295,0,Champions,92.1,📉 Low
188.0,2,218.42000000000002,10.0,0.010101010101010102,11,120.33333333333333,0.0,298.6,0.6137291280148423,0,Champions,211.03,💰 Mid
203.0,5,604.618,6.0,0.023923444976076555,169,262.5,0.0,818.87,0.9146567717996289,1,Loyal Customers,1351.61,🐋 Whale
36.0,1,346.6,165.0,0.004975124378109453,71,363.5,0.0,652.61,0.7710575139146568,0,Champions,389.33,💰 Mid
11.0,1,57.5,96.0,0.009345794392523364,22,24.0,0.0,103.21000000000001,0.4319109461966605,0,Champions,0.0,💤 Churned
0.0,0,0.0,36.0,0.0,7,75.0,0.0,100.21000000000001,0.41855287569573285,0,Champions,0.0,💤 Churned
69.0,3,234.34333333333333,207.0,0.010869565217391304,14,103.8,0.0,327.98,0.6319109461966604,0,Champions,221.9,💰 Mid
0.0,0,0.0,234.0,0.0,3,37.0,0.0,63.0,0.41855287569573285,0,Champions,0.0,💤 Churned
0.0,0,0.0,163.0,0.0,7,51.0,0.0,125.65,0.41855287569573285,0,Champions,0.0,💤 Churned
95.0,1,250.36,30.0,0.008,19,215.5,0.0,250.36,0.647495361781076,0,Champions,188.22,💰 Mid
175.0,3,328.9866666666667,45.0,0.013636363636363636,26,165.0,0.0,659.3000000000001,0.7532467532467533,0,Champions,580.03,💰 Mid
0.0,0,0.0,64.0,0.0,24,209.0,0.0,110.49,0.41855287569573285,0,Champions,0.0,💤 Churned
0.0,0,0.0,222.0,0.0,10,114.0,0.0,177.5,0.41855287569573285,0,Champions,0.0,💤 Churned
182.0,4,179.47500000000002,100.0,0.014184397163120567,40,48.4,0.0,418.95,0.5614100185528756,0,Champions,389.9,💰 Mid
0.0,0,0.0,104.0,0.0,12,93.0,0.0,207.15,0.41855287569573285,0,Champions,0.0,💤 Churned
0.0,0,0.0,236.0,0.0,27,123.0,0.0,188.56,0.41855287569573285,0,Champions,0.0,💤 Churned
0.0,0,0.0,243.0,0.0,29,386.0,0.0,311.71,0.41855287569573285,0,Champions,0.0,💤 Churned
25.0,2,343.70000000000005,36.0,0.03278688524590164,19,217.0,0.0,383.2,0.7669758812615955,0,Champions,590.31,💰 Mid
0.0,0,0.0,83.0,0.0,13,246.0,0.0,177.34,0.41855287569573285,0,Champions,0.0,💤 Churned
0.0,0,0.0,178.0,0.0,29,642.0,0.0,1829.04,0.41855287569573285,0,Champions,0.0,💤 Churned
0.0,0,0.0,174.0,0.0,36,122.0,0.0,221.3,0.41855287569573285,0,Champions,0.0,💤 Churned
0.0,0,0.0,261.0,0.0,21,238.0,0.0,300.42,0.41855287569573285,0,Champions,0.0,💤 Churned
0.0,0,0.0,4.0,0.0,2,32.0,0.0,64.0,0.41855287569573285,0,Champions,0.0,💤 Churned
0.0,0,0.0,13.0,0.0,47,230.0,0.0,160.09,0.41855287569573285,0,Champions,182.35,💰 Mid
155.0,1,236.02,2.0,0.006369426751592357,91,209.0,0.0,305.63,0.6341372912801484,0,Champions,301.13,💰 Mid
0.0,0,0.0,25.0,0.0,24,215.0,0.0,338.95,0.41855287569573285,0,Champions,0.0,💤 Churned
253.0,1,157.18,16.0,0.0037174721189591076,52,110.5,0.0,220.32000000000002,0.535064935064935,0,Champions,180.61,💰 Mid
0.0,0,0.0,276.0,0.0,44,61.0,0.0,144.24,0.41855287569573285,0,Champions,0.0,💤 Churned
0.0,0,0.0,94.0,0.0,16,148.0,0.0,298.48,0.41855287569573285,0,Champions,0.0,💤 Churned
90.0,1,296.88,128.0,0.0045871559633027525,18,306.0,0.0,314.99999999999994,0.6983302411873841,0,Champions,234.11,💰 Mid
0.0,0,0.0,117.0,0.0,20,184.0,0.0,369.2,0.41855287569573285,0,Champions,0.0,💤 Churned
0.0,0,0.0,155.0,0.0,20,152.0,0.0,394.44,0.41855287569573285,0,Champions,0.0,💤 Churned
0.0,0,0.0,153.0,0.0,12,24.0,0.0,110.97,0.41855287569573285,0,Champions,0.0,💤 Churned
89.0,2,277.28,179.0,0.007462686567164179,37,142.66666666666666,0.0,303.00000000000006,0.6771799628942486,0,Champions,256.75,💰 Mid
0.0,0,0.0,47.0,0.0,15,181.0,0.0,449.73,0.41855287569573285,0,Champions,0.0,💤 Churned
0.0,0,0.0,184.0,0.0,23,164.0,0.0,333.08,0.41855287569573285,0,Champions,0.0,💤 Churned
0.0,0,0.0,127.0,0.0,17,60.0,0.0,90.12,0.41855287569573285,0,Champions,0.0,💤 Churned
0.0,0,0.0,25.0,0.0,18,526.0,0.0,127.0,0.41855287569573285,0,Champions,0.0,💤 Churned
48.0,1,185.78,58.0,0.009433962264150943,35,347.0,0.0,440.99,0.5714285714285714,0,Champions,261.38,💰 Mid
0.0,0,0.0,45.0,0.0,19,270.0,0.0,254.82,0.41855287569573285,0,Champions,0.0,💤 Churned
0.0,0,0.0,128.0,0.0,22,90.5,0.0,99.21,0.41855287569573285,0,Champions,0.0,💤 Churned
150.0,4,310.92,47.0,0.02030456852791878,89,375.6,0.0,319.12,0.7280148423005566,0,Champions,515.03,💰 Mid
0.0,0,0.0,6.0,0.0,43,93.0,0.0,126.16,0.41855287569573285,0,Champions,159.09,💰 Mid
0.0,0,0.0,244.0,0.0,13,78.0,0.0,110.17999999999999,0.41855287569573285,0,Champions,0.0,💤 Churned
106.0,2,184.32,121.0,0.00881057268722467,22,114.0,0.0,307.85,0.5688311688311688,0,Champions,217.79,💰 Mid
0.0,0,0.0,22.0,0.0,22,361.0,0.0,303.56,0.41855287569573285,0,Champions,0.0,💤 Churned
0.0,0,0.0,144.0,0.0,9,24.0,0.0,113.5,0.41855287569573285,0,Champions,0.0,💤 Churned
0.0,0,0.0,163.0,0.0,17,103.0,0.0,388.45000000000005,0.41855287569573285,0,Champions,0.0,💤 Churned
223.0,1,185.55,53.0,0.0036231884057971015,18,75.0,0.0,185.55,0.5703153988868275,0,Champions,190.55,💰 Mid
0.0,0,0.0,114.0,0.0,19,147.0,0.0,349.55,0.41855287569573285,0,Champions,0.0,💤 Churned
0.0,0,0.0,81.0,0.0,10,108.0,0.0,190.53,0.41855287569573285,0,Champions,0.0,💤 Churned
0.0,0,0.0,170.0,0.0,18,183.0,0.0,409.57,0.41855287569573285,0,Champions,0.0,💤 Churned
157.0,1,429.79999999999995,79.0,0.00423728813559322,8,71.5,0.0,429.79999999999995,0.8460111317254174,0,Champions,245.06,💰 Mid
0.0,0,0.0,78.0,0.0,41,221.0,0.0,110.3,0.41855287569573285,0,Champions,139.04,📉 Low
106.0,1,346.76,61.0,0.005988023952095809,11,57.0,0.0,388.9,0.7710575139146568,0,Champions,239.66,💰 Mid
0.0,0,0.0,202.0,0.0,75,112.0,0.0,476.42,0.41855287569573285,0,Champions,0.0,💤 Churned
0.0,0,0.0,239.0,0.0,35,281.0,0.0,534.57,0.41855287569573285,0,Champions,0.0,💤 Churned
0.0,0,0.0,72.0,0.0,25,496.0,0.0,300.04,0.41855287569573285,0,Champions,0.0,💤 Churned
0.0,0,0.0,275.0,0.0,71,224.0,0.0,364.34,0.41855287569573285,0,Champions,0.0,💤 Churned
0.0,0,0.0,171.0,0.0,10,137.0,0.0,178.5,0.41855287569573285,0,Champions,0.0,💤 Churned
0.0,0,0.0,95.0,0.0,31,129.0,0.0,294.24,0.41855287569573285,0,Champions,0.0,💤 Churned
0.0,0,0.0,145.0,0.0,21,312.0,0.0,406.48,0.41855287569573285,0,Champions,0.0,💤 Churned
0.0,0,0.0,151.0,0.0,8,44.0,0.0,313.8,0.41855287569573285,0,Champions,0.0,💤 Churned
99.0,2,259.89,80.0,0.0111731843575419,36,140.0,0.0,542.97,0.6575139146567718,0,Champions,458.47,💰 Mid
62.0,2,140.15,96.0,0.012658227848101266,33,61.0,0.0,181.3,0.5087198515769944,0,Champions,190.84,💰 Mid
196.0,5,92.27,48.0,0.020491803278688523,66,26.0,0.0,140.59,0.4489795918367347,0,Champions,139.49,📉 Low
259.0,7,198.33571428571426,17.0,0.025362318840579712,18,112.625,0.0,405.16,0.5884972170686457,0,Champions,631.47,💰 Mid
68.0,1,176.60999999999999,153.0,0.004524886877828055,37,120.0,0.0,176.60999999999999,0.5576994434137291,0,Champions,171.77,💰 Mid
42.0,1,138.19,127.0,0.005917159763313609,27,72.5,0.0,197.94,0.5079777365491651,0,Champions,0.0,💤 Churned
0.0,0,0.0,191.0,0.0,14,74.0,0.0,225.9,0.41855287569573285,0,Champions,0.0,💤 Churned
89.0,1,472.64,5.0,0.010638297872340425,37,288.5,0.0,472.64,0.8697588126159554,0,Champions,404.12,💰 Mid
190.0,1,338.84,79.0,0.0037174721189591076,34,298.0,0.0,338.84,0.7606679035250464,0,Champions,254.51,💰 Mid
21.0,1,193.8,227.0,0.004032258064516129,4,118.0,0.0,193.79999999999998,0.5810760667903525,0,Champions,0.0,💤 Churned
188.0,1,35.400000000000006,86.0,0.0036496350364963502,27,23.0,0.0,111.8,0.42523191094619667,0,Champions,0.0,💤 Churned
255.0,3,113.76,13.0,0.011194029850746268,28,68.5,0.0,249.67000000000002,0.4712430426716141,0,Champions,164.27,💰 Mid
35.0,2,147.05,78.0,0.017699115044247787,10,164.66666666666666,0.0,169.5,0.5183673469387755,0,Champions,202.68,💰 Mid
0.0,0,0.0,110.0,0.0,54,326.0,0.0,860.12,0.41855287569573285,0,Champions,369.94,💰 Mid
148.0,1,1430.75,58.0,0.0048543689320388345,37,459.5,0.0,1430.75,0.9855287569573283,1,Loyal Customers,754.63,💰 Mid
98.0,2,144.515,57.0,0.012903225806451613,33,42.666666666666664,0.0,194.7,0.5153988868274583,0,Champions,209.93,💰 Mid
189.0,3,457.3233333333333,94.0,0.01060070671378092,23,225.75,0.0,490.05000000000007,0.862708719851577,0,Champions,522.36,💰 Mid
159.0,1,581.39,5.0,0.006097560975609756,29,246.5,0.0,581.39,0.9094619666048237,0,Champions,380.79,💰 Mid
0.0,0,0.0,4.0,0.0,28,171.0,0.0,302.48,0.41855287569573285,0,Champions,213.66,💰 Mid
0.0,0,0.0,120.0,0.0,28,168.0,0.0,519.68,0.41855287569573285,0,Champions,0.0,💤 Churned
119.0,2,205.91500000000002,26.0,0.013793103448275862,88,87.33333333333333,0.0,208.3,0.5970315398886827,0,Champions,273.02,💰 Mid
131.0,1,284.44000000000005,152.0,0.0035335689045936395,17,109.5,0.0,284.44000000000005,0.6849721706864564,0,Champions,196.01,💰 Mid
0.0,0,0.0,92.0,0.0,9,134.0,0.0,105.84,0.41855287569573285,0,Champions,0.0,💤 Churned
0.0,0,0.0,194.0,0.0,14,460.0,0.0,154.99,0.41855287569573285,0,Champions,0.0,💤 Churned
0.0,0,0.0,276.0,0.0,11,121.0,0.0,173.55,0.41855287569573285,0,Champions,0.0,💤 Churned
82.0,1,487.75,200.0,0.0035460992907801418,25,274.5,0.0,487.75,0.876808905380334,0,Champions,277.25,💰 Mid
27.0,1,617.45,38.0,0.015384615384615385,52,264.5,0.0,617.4499999999999,0.9168831168831169,0,Champions,749.98,💰 Mid
0.0,0,0.0,74.0,0.0,1,12.0,0.0,51.0,0.41855287569573285,0,Champions,0.0,💤 Churned
111.0,2,148.70999999999998,31.0,0.014084507042253521,44,46.0,0.0,199.04,0.522077922077922,0,Champions,233.46,💰 Mid
48.0,1,223.0,177.0,0.0044444444444444444,48,175.5,0.0,583.41,0.6181818181818182,0,Champions,288.05,💰 Mid
35.0,1,575.18,241.0,0.0036231884057971015,17,303.0,0.0,575.18,0.9064935064935065,0,Champions,0.0,💤 Churned
104.0,1,445.2,170.0,0.0036496350364963502,51,207.0,0.0,523.86,0.8545454545454545,0,Champions,359.14,💰 Mid
0.0,0,0.0,184.0,0.0,5,66.0,0.0,130.26,0.41855287569573285,0,Champions,0.0,💤 Churned
34.0,1,135.51,24.0,0.017241379310344827,22,309.5,0.0,219.06,0.5046382189239332,0,Champions,230.82,💰 Mid
191.0,2,389.27,8.0,0.010050251256281407,52,248.0,0.0,399.34,0.8152133580705009,0,Champions,424.18,💰 Mid
163.0,3,164.01666666666665,32.0,0.015384615384615385,36,84.75,0.0,249.60000000000002,0.5428571428571428,0,Champions,255.99,💰 Mid
26.0,1,445.84999999999997,45.0,0.014084507042253521,38,244.0,0.0,445.84999999999997,0.8545454545454545,0,Champions,496.58,💰 Mid
0.0,0,0.0,186.0,0.0,18,191.0,0.0,305.1,0.41855287569573285,0,Champions,0.0,💤 Churned
0.0,0,0.0,208.0,0.0,30,496.0,0.0,889.24,0.41855287569573285,0,Champions,0.0,💤 Churned
0.0,0,0.0,279.0,0.0,25,28.0,0.0,85.23,0.41855287569573285,0,Champions,0.0,💤 Churned
58.0,1,321.9,125.0,0.00546448087431694,9,140.0,0.0,321.9,0.7447124304267161,0,Champions,270.26,💰 Mid
0.0,0,0.0,206.0,0.0,47,668.0,0.0,809.28,0.41855287569573285,0,Champions,0.0,💤 Churned
0.0,0,0.0,47.0,0.0,5,78.0,0.0,87.4,0.41855287569573285,0,Champions,0.0,💤 Churned
160.0,1,172.24,108.0,0.0037313432835820895,78,127.0,0.0,172.24,0.5517625231910946,0,Champions,196.11,💰 Mid
139.0,6,153.00833333333333,79.0,0.027522935779816515,86,103.42857142857143,0.0,947.65,0.5291280148423005,1,Loyal Customers,454.43,💰 Mid
204.0,1,19.799999999999997,65.0,0.0037174721189591076,7,34.0,0.0,101.2,0.4230055658627087,0,Champions,0.0,💤 Churned
140.0,1,139.57999999999998,15.0,0.0064516129032258064,54,75.0,0.0,139.57999999999998,0.5083487940630798,0,Champions,196.23,💰 Mid
8.0,1,160.4,212.0,0.004545454545454545,3,93.5,0.0,160.4,0.5398886827458256,0,Champions,0.0,💤 Churned
202.0,3,122.77333333333333,65.0,0.011235955056179775,33,69.2,0.0,137.95000000000002,0.4849721706864564,0,Champions,161.24,💰 Mid
106.0,4,209.395,15.0,0.03305785123966942,22,94.0,0.0,315.98,0.6018552875695733,0,Champions,405.67,💰 Mid
62.0,1,234.47,221.0,0.0035335689045936395,16,79.5,0.0,304.34000000000003,0.6322820037105752,0,Champions,224.87,💰 Mid
105.0,2,215.03000000000003,6.0,0.018018018018018018,75,283.6666666666667,0.0,718.96,0.6070500927643785,0,Champions,504.54,💰 Mid
0.0,0,0.0,44.0,0.0,28,178.0,0.0,196.88,0.41855287569573285,0,Champions,0.0,💤 Churned
110.0,1,1752.254799999996,166.0,0.0036231884057971015,29,987.3333333333334,0.0,2736.85,0.9929499072356215,1,Loyal Customers,1381.0,🐋 Whale
148.0,2,333.51,37.0,0.010810810810810811,40,177.33333333333334,0.0,367.32,0.7562152133580705,0,Champions,389.07,💰 Mid
0.0,0,0.0,68.0,0.0,29,224.0,0.0,488.55,0.41855287569573285,0,Champions,0.0,💤 Churned
0.0,0,0.0,270.0,0.0,3,40.0,0.0,102.0,0.41855287569573285,0,Champions,0.0,💤 Churned
106.0,1,482.07,2.0,0.009259259259259259,15,209.5,0.0,482.07,0.8753246753246753,0,Champions,247.96,💰 Mid
0.0,0,0.0,20.0,0.0,49,231.0,0.0,490.37,0.41855287569573285,0,Champions,271.81,💰 Mid
0.0,0,0.0,201.0,0.0,33,256.0,0.0,603.42,0.41855287569573285,0,Champions,0.0,💤 Churned
160.0,7,179.60857142857142,40.0,0.035,122,169.88888888888889,0.0,335.02,0.5617810760667904,1,Loyal Customers,631.4,💰 Mid
0.0,0,0.0,101.0,0.0,5,88.0,0.0,133.56,0.41855287569573285,0,Champions,0.0,💤 Churned
0.0,0,0.0,221.0,0.0,1,4.0,0.0,35.8,0.41855287569573285,0,Champions,0.0,💤 Churned
106.0,1,105.45,166.0,0.003676470588235294,57,58.0,0.0,107.16,0.45714285714285713,0,Champions,0.0,💤 Churned
127.0,2,632.1800000000001,44.0,0.011695906432748537,55,594.6666666666666,0.0,1251.48,0.9213358070500928,1,Loyal Customers,697.48,💰 Mid
110.0,1,102.02,122.0,0.004310344827586207,20,38.5,0.0,102.02,0.45380333951762525,0,Champions,0.0,💤 Churned
129.0,1,508.95000000000005,97.0,0.004424778761061947,36,183.0,0.0,508.95000000000005,0.885343228200371,0,Champions,369.31,💰 Mid
229.0,3,309.42333333333335,20.0,0.012048192771084338,22,89.5,0.0,378.7,0.7235621521335807,0,Champions,456.67,💰 Mid
0.0,0,0.0,135.0,0.0,20,228.0,0.0,331.18,0.41855287569573285,0,Champions,0.0,💤 Churned
211.0,4,82.42,22.0,0.017167381974248927,13,48.0,0.0,105.0,0.44304267161410016,0,Champions,55.97,📉 Low
55.0,1,97.0,16.0,0.014084507042253521,13,78.0,0.0,117.68,0.4515769944341373,0,Champions,119.6,📉 Low
185.0,1,859.3199999999999,5.0,0.005263157894736842,56,362.5,0.0,859.32,0.9614100185528757,0,Champions,512.89,💰 Mid
234.0,2,208.425,41.0,0.007272727272727273,68,66.0,0.0,279.08,0.6003710575139146,0,Champions,275.1,💰 Mid
96.0,1,5.1,179.0,0.0036363636363636364,11,11.0,0.0,16.21,0.41929499072356213,0,Champions,0.0,💤 Churned
63.0,1,340.5,114.0,0.005649717514124294,23,109.0,0.0,340.5,0.7617810760667904,0,Champions,241.13,💰 Mid
116.0,3,236.75,146.0,0.011450381679389313,45,71.0,0.0,386.90000000000003,0.6352504638218924,0,Champions,370.13,💰 Mid
0.0,0,0.0,137.0,0.0,34,120.0,0.0,323.58,0.41855287569573285,0,Champions,0.0,💤 Churned
0.0,0,0.0,124.0,0.0,13,240.0,0.0,459.4,0.41855287569573285,0,Champions,0.0,💤 Churned
75.0,1,307.36,151.0,0.004424778761061947,77,172.0,0.0,258.35,0.7176252319109462,0,Champions,234.62,💰 Mid
108.0,2,222.44,101.0,0.009569377990430622,142,149.33333333333334,0.0,259.27,0.6178107606679035,0,Champions,244.76,💰 Mid
0.0,0,0.0,8.0,0.0,33,61.0,0.0,115.1,0.41855287569573285,0,Champions,108.55,📉 Low
0.0,0,0.0,128.0,0.0,11,70.0,0.0,170.96,0.41855287569573285,0,Champions,0.0,💤 Churned
0.0,0,0.0,177.0,0.0,5,1361.46111111111,0.0,676.2,0.41855287569573285,0,Champions,0.0,💤 Churned
0.0,0,0.0,163.0,0.0,12,34.0,0.0,58.49,0.41855287569573285,0,Champions,0.0,💤 Churned
0.0,0,0.0,74.0,0.0,3,78.0,0.0,339.3,0.41855287569573285,0,Champions,0.0,💤 Churned
0.0,0,0.0,173.0,0.0,24,200.0,0.0,409.1,0.41855287569573285,0,Champions,0.0,💤 Churned
134.0,1,791.5699999999999,58.0,0.005208333333333333,72,237.0,0.0,779.92,0.9532467532467532,0,Champions,539.3,💰 Mid
274.0,4,342.6,9.0,0.014134275618374558,80,229.0,0.0,787.4,0.7640074211502783,0,Champions,730.53,💰 Mid
0.0,0,0.0,194.0,0.0,10,100.0,0.0,158.68,0.41855287569573285,0,Champions,0.0,💤 Churned
142.0,2,527.81,104.0,0.008130081300813009,112,307.3333333333333,0.0,705.56,0.8931354359925788,0,Champions,653.51,💰 Mid
0.0,0,0.0,86.0,0.0,6,420.0,0.0,810.6000000000001,0.41855287569573285,0,Champions,0.0,💤 Churned
254.0,3,314.61333333333334,16.0,0.011111111111111112,71,142.25,0.0,488.09,0.736178107606679,0,Champions,554.94,💰 Mid
252.0,3,329.90333333333336,25.0,0.010830324909747292,93,208.0,0.0,570.45,0.7536178107606679,0,Champions,611.18,💰 Mid
0.0,0,0.0,144.0,0.0,7,70.0,0.0,150.3,0.41855287569573285,0,Champions,0.0,💤 Churned
0.0,0,0.0,136.0,0.0,60,418.0,0.0,511.68,0.41855287569573285,0,Champions,0.0,💤 Churned
176.0,2,308.14,93.0,0.007434944237918215,57,454.0,0.0,314.96,0.7202226345083488,0,Champions,400.58,💰 Mid
97.0,1,1752.254799999996,145.0,0.004132231404958678,5,1361.46111111111,0.0,3685.0121999999938,1.0,1,Loyal Customers,2157.26,🐋 Whale
0.0,0,0.0,276.0,0.0,1,200.0,0.0,590.0,0.41855287569573285,0,Champions,0.0,💤 Churned
72.0,1,425.6,18.0,0.011111111111111112,30,305.5,0.0,709.44,0.8426716141001855,0,Champions,422.76,💰 Mid
87.0,1,10.0,183.0,0.003703703703703704,26,58.5,0.0,227.62,0.42003710575139147,0,Champions,0.0,💤 Churned
0.0,0,0.0,38.0,0.0,40,135.0,0.0,208.65,0.41855287569573285,0,Champions,160.49,💰 Mid
55.0,1,301.17,38.0,0.010752688172043012,38,116.66666666666667,0.0,352.91,0.7024118738404452,0,Champions,273.58,💰 Mid
0.0,0,0.0,198.0,0.0,19,211.0,0.0,363.65,0.41855287569573285,0,Champions,0.0,💤 Churned
191.0,1,201.69,87.0,0.0035971223021582736,99,122.0,0.0,201.69,0.5922077922077922,0,Champions,246.8,💰 Mid
0.0,0,0.0,117.0,0.0,30,299.0,0.0,463.38,0.41855287569573285,0,Champions,0.0,💤 Churned
0.0,0,0.0,136.0,0.0,10,144.0,0.0,203.95,0.41855287569573285,0,Champions,0.0,💤 Churned
0.0,0,0.0,130.0,0.0,8,22.0,0.0,134.8,0.41855287569573285,0,Champions,0.0,💤 Churned
0.0,0,0.0,200.0,0.0,31,248.0,0.0,574.02,0.41855287569573285,0,Champions,0.0,💤 Churned
0.0,0,0.0,152.0,0.0,8,103.0,0.0,183.85,0.41855287569573285,0,Champions,0.0,💤 Churned
178.0,2,233.255,19.0,0.01015228426395939,32,123.66666666666667,0.0,307.66,0.6315398886827458,0,Champions,293.76,💰 Mid
187.0,1,245.82,83.0,0.003703703703703704,94,269.5,0.0,245.82,0.6426716141001856,0,Champions,265.45,💰 Mid
0.0,0,0.0,74.0,0.0,13,134.0,0.0,222.9,0.41855287569573285,0,Champions,0.0,💤 Churned
0.0,0,0.0,178.0,0.0,29,285.0,0.0,439.03,0.41855287569573285,0,Champions,0.0,💤 Churned
51.0,2,321.545,95.0,0.0136986301369863,15,44.0,0.0,476.29,0.7443413729128014,0,Champions,342.65,💰 Mid
34.0,2,224.49,32.0,0.030303030303030304,3,87.33333333333333,0.0,396.96000000000004,0.62152133580705,0,Champions,413.09,💰 Mid
40.0,2,262.79999999999995,243.0,0.007067137809187279,1,26.666666666666668,0.0,350.4,0.6608534322820037,0,Champions,0.0,💤 Churned
0.0,0,0.0,165.0,0.0,54,242.0,0.0,283.71,0.41855287569573285,0,Champions,0.0,💤 Churned
121.0,1,152.63,80.0,0.004975124378109453,14,98.0,0.0,152.63,0.5283858998144713,0,Champions,135.24,📉 Low
2.0,1,108.03999999999999,149.0,0.006622516556291391,12,57.5,0.0,308.82,0.4601113172541744,0,Champions,0.0,💤 Churned
0.0,0,0.0,137.0,0.0,26,81.0,0.0,157.19,0.41855287569573285,0,Champions,0.0,💤 Churned
0.0,0,0.0,236.0,0.0,30,85.0,0.0,208.92,0.41855287569573285,0,Champions,0.0,💤 Churned
0.0,0,0.0,92.0,0.0,14,55.0,0.0,149.89000000000001,0.41855287569573285,0,Champions,0.0,💤 Churned
0.0,0,0.0,157.0,0.0,16,280.0,0.0,441.48,0.41855287569573285,0,Champions,0.0,💤 Churned
0.0,0,0.0,205.0,0.0,8,38.0,0.0,152.65,0.41855287569573285,0,Champions,0.0,💤 Churned
0.0,0,0.0,72.0,0.0,13,52.0,0.0,127.1,0.41855287569573285,0,Champions,0.0,💤 Churned
67.0,1,234.59,23.0,0.011111111111111112,23,94.0,0.0,234.59,0.6322820037105752,0,Champions,217.78,💰 Mid
0.0,0,0.0,272.0,0.0,22,67.0,0.0,121.05,0.41855287569573285,0,Champions,0.0,💤 Churned
0.0,0,0.0,5.0,0.0,11,40.0,0.0,79.0,0.41855287569573285,0,Champions,84.56,📉 Low
97.0,1,87.7,114.0,0.004739336492890996,3,55.0,0.0,128.8,0.4474953617810761,0,Champions,0.0,💤 Churned
0.0,0,0.0,128.0,0.0,5,138.0,0.0,143.45999999999998,0.41855287569573285,0,Champions,0.0,💤 Churned
118.0,2,230.945,86.0,0.00980392156862745,38,153.0,0.0,303.49,0.6300556586270872,0,Champions,288.12,💰 Mid
0.0,0,0.0,242.0,0.0,4,173.0,0.0,234.0,0.41855287569573285,0,Champions,0.0,💤 Churned
69.0,1,1373.6,104.0,0.005780346820809248,9,172.33333333333334,0.0,1155.6,0.9851576994434137,0,Champions,695.36,💰 Mid
86.0,1,194.55,192.0,0.0035971223021582736,19,81.5,0.0,194.55,0.5818181818181818,0,Champions,192.86,💰 Mid
0.0,0,0.0,22.0,0.0,14,122.0,0.0,288.18,0.41855287569573285,0,Champions,0.0,💤 Churned
270.0,7,298.95,5.0,0.025454545454545455,93,128.875,0.0,373.27,0.7001855287569573,0,Champions,796.46,💰 Mid
0.0,0,0.0,107.0,0.0,4,5.0,0.0,271.85,0.41855287569573285,0,Champions,0.0,💤 Churned
0.0,0,0.0,125.0,0.0,6,64.0,0.0,90.6,0.41855287569573285,0,Champions,0.0,💤 Churned
0.0,0,0.0,198.0,0.0,9,80.0,0.0,145.92,0.41855287569573285,0,Champions,0.0,💤 Churned
151.0,5,217.17200000000003,78.0,0.021834061135371178,70,80.85714285714286,0.0,301.9,0.6122448979591837,0,Champions,448.44,💰 Mid
0.0,0,0.0,100.0,0.0,20,73.0,0.0,235.23000000000002,0.41855287569573285,0,Champions,0.0,💤 Churned
21.0,2,49.394999999999996,50.0,0.028169014084507043,10,20.0,0.0,108.94999999999999,0.42857142857142855,0,Champions,75.7,📉 Low
105.0,1,334.85,27.0,0.007575757575757576,94,263.5,0.0,624.67,0.7576994434137291,0,Champions,514.74,💰 Mid
32.0,1,201.24,75.0,0.009345794392523364,20,103.5,0.0,232.5,0.5918367346938775,0,Champions,161.07,💰 Mid
0.0,0,0.0,218.0,0.0,1,72.0,0.0,550.8000000000001,0.41855287569573285,0,Champions,0.0,💤 Churned
0.0,0,0.0,97.0,0.0,7,35.0,0.0,110.55000000000001,0.41855287569573285,0,Champions,0.0,💤 Churned
0.0,0,0.0,193.0,0.0,26,171.0,0.0,559.12,0.41855287569573285,0,Champions,0.0,💤 Churned
91.0,1,597.8199999999999,142.0,0.004291845493562232,49,245.0,0.0,597.8199999999999,0.9120593692022263,0,Champions,412.73,💰 Mid
1.0,1,1752.254799999996,282.0,0.0035335689045936395,21,50.970588235294116,0.0,532.01,0.997773654916512,0,Champions,702.31,💰 Mid
0.0,0,0.0,114.0,0.0,29,361.0,0.0,448.83,0.41855287569573285,0,Champions,0.0,💤 Churned
0.0,0,0.0,79.0,0.0,20,203.0,0.0,371.89,0.41855287569573285,0,Champions,0.0,💤 Churned
169.0,2,209.78500000000003,2.0,0.011695906432748537,21,182.0,0.0,291.84000000000003,0.6022263450834879,0,Champions,253.78,💰 Mid
184.0,1,144.45,97.0,0.0035587188612099642,33,51.5,0.0,144.45,0.514656771799629,0,Champions,0.0,💤 Churned
0.0,0,0.0,69.0,0.0,28,117.0,0.0,383.85,0.41855287569573285,0,Champions,0.0,💤 Churned
0.0,0,0.0,190.0,0.0,13,136.0,0.0,164.4,0.41855287569573285,0,Champions,0.0,💤 Churned
0.0,0,0.0,274.0,0.0,26,314.0,0.0,458.92,0.41855287569573285,0,Champions,0.0,💤 Churned
0.0,0,0.0,116.0,0.0,10,154.0,0.0,357.98,0.41855287569573285,0,Champions,0.0,💤 Churned
106.0,2,168.625,46.0,0.013157894736842105,18,65.33333333333333,0.0,231.35,0.5487940630797774,0,Champions,234.16,💰 Mid
269.0,3,142.57666666666668,6.0,0.01090909090909091,59,73.75,0.0,224.07,0.5128014842300557,0,Champions,268.2,💰 Mid
121.0,2,130.255,66.0,0.0106951871657754,56,223.66666666666666,0.0,638.65,0.4975881261595547,0,Champions,403.8,💰 Mid
0.0,0,0.0,80.0,0.0,16,182.0,0.0,114.56,0.41855287569573285,0,Champions,0.0,💤 Churned
0.0,0,0.0,190.0,0.0,107,154.5,0.0,285.87,0.41855287569573285,0,Champions,0.0,💤 Churned
0.0,0,0.0,82.0,0.0,49,571.0,0.0,880.85,0.41855287569573285,0,Champions,366.85,💰 Mid
0.0,0,0.0,228.0,0.0,7,73.0,0.0,120.94999999999999,0.41855287569573285,0,Champions,0.0,💤 Churned
120.0,1,328.15000000000003,148.0,0.0037313432835820895,32,123.5,0.0,328.15000000000003,0.75139146567718,0,Champions,236.57,💰 Mid
0.0,0,0.0,160.0,0.0,16,162.0,0.0,273.14,0.41855287569573285,0,Champions,0.0,💤 Churned
76.0,1,203.37,193.0,0.0037174721189591076,48,211.0,0.0,231.22,0.5933209647495362,0,Champions,172.16,💰 Mid
0.0,0,0.0,229.0,0.0,8,36.0,0.0,155.0,0.41855287569573285,0,Champions,0.0,💤 Churned
0.0,0,0.0,30.0,0.0,1,4.0,0.0,15.0,0.41855287569573285,0,Champions,0.0,💤 Churned
0.0,0,0.0,73.0,0.0,24,29.0,0.0,110.92,0.41855287569573285,0,Champions,0.0,💤 Churned
219.0,1,52.54,23.0,0.004132231404958678,13,44.5,0.0,302.57,0.4296846011131725,0,Champions,75.58,📉 Low
21.0,1,1208.31,127.0,0.006756756756756757,120,715.5,0.0,2042.761,0.9818181818181818,1,Loyal Customers,768.96,💰 Mid
0.0,0,0.0,164.0,0.0,17,84.0,0.0,271.0,0.41855287569573285,0,Champions,0.0,💤 Churned
225.0,2,103.8,57.0,0.0070921985815602835,19,52.666666666666664,0.0,170.7,0.45602968460111315,0,Champions,96.61,📉 Low
0.0,0,0.0,211.0,0.0,42,127.0,0.0,243.44,0.41855287569573285,0,Champions,0.0,💤 Churned
0.0,0,0.0,61.0,0.0,16,924.0,0.0,232.6,0.41855287569573285,0,Champions,0.0,💤 Churned
0.0,0,0.0,267.0,0.0,27,33.0,0.0,162.04999999999998,0.41855287569573285,0,Champions,0.0,💤 Churned
188.0,2,147.33,94.0,0.0070921985815602835,33,121.33333333333333,0.0,236.97,0.5191094619666048,0,Champions,165.4,💰 Mid
210.0,3,254.49333333333334,20.0,0.013043478260869565,105,119.5,0.0,368.18,0.6530612244897959,0,Champions,409.48,💰 Mid
139.0,1,452.39,17.0,0.00641025641025641,116,166.0,0.0,452.39,0.8586270871985158,0,Champions,505.9,💰 Mid
0.0,0,0.0,122.0,0.0,16,232.0,0.0,208.56,0.41855287569573285,0,Champions,0.0,💤 Churned
0.0,0,0.0,122.0,0.0,53,419.0,0.0,973.1700000000001,0.41855287569573285,0,Champions,375.41,💰 Mid
203.0,4,159.61,17.0,0.01818181818181818,29,70.8,0.0,183.0,0.5387755102040817,0,Champions,279.11,💰 Mid
0.0,0,0.0,228.0,0.0,40,158.0,0.0,252.95,0.41855287569573285,0,Champions,0.0,💤 Churned
0.0,0,0.0,173.0,0.0,31,390.0,0.0,922.1,0.41855287569573285,0,Champions,0.0,💤 Churned
0.0,0,0.0,173.0,0.0,11,125.0,0.0,200.29,0.41855287569573285,0,Champions,0.0,💤 Churned
0.0,0,0.0,281.0,0.0,3,5.0,0.0,39.75,0.41855287569573285,0,Champions,0.0,💤 Churned
105.0,2,308.38,93.0,0.010101010101010102,47,136.33333333333334,0.0,309.0,0.7209647495361781,0,Champions,350.29,💰 Mid
210.0,3,613.57,65.0,0.01090909090909091,74,180.25,0.0,986.75,0.9165120593692022,1,Loyal Customers,857.83,💰 Mid
0.0,0,0.0,122.0,0.0,1,1350.0,0.0,931.4999999999999,0.41855287569573285,0,Champions,0.0,💤 Churned
0.0,0,0.0,213.0,0.0,11,116.0,0.0,314.1,0.41855287569573285,0,Champions,0.0,💤 Churned
17.0,1,96.0,66.0,0.012048192771084338,7,64.0,0.0,101.88,0.45083487940630795,0,Champions,0.0,💤 Churned
0.0,0,0.0,246.0,0.0,17,404.0,0.0,304.24,0.41855287569573285,0,Champions,0.0,💤 Churned
189.0,3,148.06,13.0,0.01485148514851485,75,86.25,0.0,173.91,0.5209647495361781,0,Champions,294.89,💰 Mid
0.0,0,0.0,64.0,0.0,13,125.0,0.0,225.95,0.41855287569573285,0,Champions,0.0,💤 Churned
135.0,2,321.88,9.0,0.013888888888888888,45,164.33333333333334,0.0,394.0,0.7447124304267161,0,Champions,466.34,💰 Mid
182.0,3,712.6333333333333,48.0,0.013043478260869565,53,264.5,0.0,794.75,0.9402597402597402,0,Champions,1022.64,💰 Mid
0.0,0,0.0,22.0,0.0,35,462.0,0.0,612.29,0.41855287569573285,0,Champions,304.77,💰 Mid
246.0,2,162.475,25.0,0.007380073800738007,5,331.0,0.0,218.1,0.5417439703153989,0,Champions,152.68,💰 Mid
192.0,3,231.28666666666666,37.0,0.013100436681222707,35,63.75,0.0,239.85,0.6304267161410019,0,Champions,262.06,💰 Mid
213.0,6,157.92,2.0,0.027906976744186046,153,62.44444444444444,0.0,203.12,0.5369202226345083,0,Champions,446.85,💰 Mid
104.0,1,228.7,79.0,0.00546448087431694,17,46.0,0.0,228.7,0.6278293135435993,0,Champions,149.99,📉 Low
0.0,0,0.0,15.0,0.0,9,69.0,0.0,126.39000000000001,0.41855287569573285,0,Champions,0.0,💤 Churned
0.0,0,0.0,67.0,0.0,22,510.0,0.0,642.02,0.41855287569573285,0,Champions,0.0,💤 Churned
130.0,2,74.65,53.0,0.01092896174863388,22,106.0,0.0,310.0,0.4385899814471243,0,Champions,0.0,💤 Churned
0.0,0,0.0,177.0,0.0,2,88.0,0.0,251.51999999999998,0.41855287569573285,0,Champions,0.0,💤 Churned
266.0,1,667.44,5.0,0.0036900369003690036,43,284.5,0.0,667.44,0.9343228200371058,0,Champions,510.48,💰 Mid
0.0,0,0.0,95.0,0.0,57,145.0,0.0,205.53,0.41855287569573285,0,Champions,185.22,💰 Mid
0.0,0,0.0,114.0,0.0,10,182.0,0.0,155.9,0.41855287569573285,0,Champions,0.0,💤 Churned
0.0,0,0.0,79.0,0.0,8,298.0,0.0,142.5,0.41855287569573285,0,Champions,0.0,💤 Churned
224.0,3,185.48666666666668,55.0,0.010752688172043012,101,176.75,0.0,519.25,0.5703153988868275,0,Champions,452.96,💰 Mid
29.0,3,270.8933333333334,79.0,0.027777777777777776,68,95.25,0.0,344.81,0.671243042671614,0,Champions,425.41,💰 Mid
1.0,1,430.98,95.0,0.010416666666666666,22,214.0,0.0,430.98,0.8467532467532467,0,Champions,425.09,💰 Mid
0.0,0,0.0,228.0,0.0,1,10.0,0.0,99.5,0.41855287569573285,0,Champions,0.0,💤 Churned
60.0,1,208.89,65.0,0.008,28,145.5,0.0,328.45,0.6018552875695733,0,Champions,231.9,💰 Mid
42.0,1,301.8,149.0,0.005235602094240838,15,86.0,0.0,301.8,0.7057513914656772,0,Champions,0.0,💤 Churned
184.0,1,151.95000000000002,94.0,0.0035971223021582736,16,54.0,0.0,151.95000000000002,0.527643784786642,0,Champions,142.57,📉 Low
200.0,2,202.17000000000002,20.0,0.00909090909090909,14,293.6666666666667,0.0,246.54,0.5925788497217068,0,Champions,168.83,💰 Mid
66.0,1,174.02,155.0,0.004524886877828055,27,114.5,0.0,259.51,0.5547309833024119,0,Champions,176.51,💰 Mid
46.0,1,161.05,6.0,0.019230769230769232,39,92.5,0.0,161.05,0.5402597402597402,0,Champions,299.99,💰 Mid
98.0,4,217.055,67.0,0.024242424242424242,43,108.6,0.0,324.17,0.6122448979591837,0,Champions,435.5,💰 Mid
0.0,0,0.0,186.0,0.0,14,196.0,0.0,197.0,0.41855287569573285,0,Champions,0.0,💤 Churned
0.0,0,0.0,265.0,0.0,17,56.0,0.0,193.64,0.41855287569573285,0,Champions,0.0,💤 Churned
98.0,5,291.406,79.0,0.02824858757062147,206,413.5,0.0,648.53,0.6927643784786642,1,Loyal Customers,668.21,💰 Mid
280.0,19,1619.0458064516129,3.0,0.10954063604240283,43,486.1923076923077,0.0,3685.0121999999938,0.9873840445269016,1,Loyal Customers,20805.76,🐋 Whale
186.0,5,1253.22,61.0,0.020242914979757085,52,774.2857142857143,0.0,3120.2200000000003,0.9825602968460111,1,Loyal Customers,2565.03,🐋 Whale
0.0,0,0.0,124.0,0.0,35,115.0,0.0,272.46,0.41855287569573285,0,Champions,0.0,💤 Churned
165.0,2,659.5899999999999,39.0,0.00980392156862745,83,501.6666666666667,0.0,970.58,0.9302411873840445,1,Loyal Customers,617.72,💰 Mid
52.0,2,323.70000000000005,65.0,0.017094017094017096,18,87.0,0.0,430.00000000000006,0.7461966604823748,0,Champions,470.05,💰 Mid
188.0,3,807.1333333333333,16.0,0.014705882352941176,167,564.5,0.0,1114.52,0.9551020408163265,1,Loyal Customers,1045.52,💰 Mid
227.0,5,285.78000000000003,16.0,0.0205761316872428,20,211.66666666666666,0.0,378.0,0.686456400742115,0,Champions,441.78,💰 Mid
210.0,9,505.99555555555554,72.0,0.031914893617021274,81,307.92857142857144,0.0,824.02,0.8838589981447125,1,Loyal Customers,1505.55,🐋 Whale
70.0,1,264.66,89.0,0.006289308176100629,70,199.0,0.0,264.66,0.6630797773654916,0,Champions,249.6,💰 Mid
277.0,12,374.31583333333333,6.0,0.04240282685512368,41,139.30769230769232,0.0,623.6800000000001,0.8018552875695732,1,Loyal Customers,2216.78,🐋 Whale
61.0,2,861.3,66.0,0.015748031496062992,6,192.0,0.0,1128.6,0.9614100185528757,0,Champions,0.0,💤 Churned
258.0,8,237.0675,19.0,0.02888086642599278,58,198.66666666666666,0.0,636.1,0.6356215213358071,1,Loyal Customers,1005.53,💰 Mid
0.0,0,0.0,73.0,0.0,15,201.0,0.0,242.09,0.41855287569573285,0,Champions,0.0,💤 Churned
71.0,2,1400.92,172.0,0.00823045267489712,125,540.3333333333334,0.0,1715.85,0.9851576994434137,1,Loyal Customers,1075.34,💰 Mid
262.0,8,364.18125,8.0,0.02962962962962963,196,198.22222222222223,0.0,834.28,0.7922077922077922,1,Loyal Customers,1508.99,🐋 Whale
218.0,4,773.21,53.0,0.014760147601476014,15,432.8,0.0,1263.72,0.9510204081632653,1,Loyal Customers,835.49,💰 Mid
103.0,1,662.3,164.0,0.003745318352059925,62,405.5,0.0,1241.43,0.9317254174397032,1,Loyal Customers,469.05,💰 Mid
244.0,6,470.3183333333334,39.0,0.02120141342756184,33,92.875,0.0,791.7,0.8686456400742115,0,Champions,817.51,💰 Mid
160.0,2,537.9649999999999,108.0,0.007462686567164179,56,100.0,0.0,444.63,0.8953617810760668,0,Champions,411.84,💰 Mid
269.0,14,180.405,13.0,0.04964539007092199,227,166.3125,0.0,355.45,0.563265306122449,1,Loyal Customers,1310.75,🐋 Whale
236.0,19,408.6321739130435,5.0,0.0954356846473029,37,77.68,0.0,2945.5,0.8315398886827459,1,Loyal Customers,4191.02,🐋 Whale
0.0,0,0.0,50.0,0.0,49,586.0,0.0,890.0699999999999,0.41855287569573285,0,Champions,331.53,💰 Mid
275.0,8,334.985,2.0,0.02888086642599278,73,229.0,0.0,413.58,0.7576994434137291,1,Loyal Customers,1039.11,💰 Mid
261.0,18,1752.254799999996,9.0,0.06666666666666667,720,1289.027027027027,0.0,3685.0121999999938,0.9925788497217068,1,Loyal Customers,19696.19,🐋 Whale
207.0,6,711.1066666666667,67.0,0.021897810218978103,14,255.75,0.0,1141.2,0.9398886827458256,1,Loyal Customers,1386.16,🐋 Whale
249.0,11,646.2718181818182,22.0,0.04059040590405904,205,314.77777777777777,0.0,1822.88,0.925417439703154,1,Loyal Customers,2610.04,🐋 Whale
265.0,16,158.47875000000002,16.0,0.05693950177935943,167,106.17647058823529,0.0,294.25,0.5380333951762524,1,Loyal Customers,1206.41,🐋 Whale
245.0,9,417.6677777777778,31.0,0.03260869565217391,142,324.0,0.0,508.36,0.8371057513914657,1,Loyal Customers,1534.43,🐋 Whale
222.0,6,263.82666666666665,55.0,0.021660649819494584,69,106.5,0.0,312.94,0.6619666048237477,0,Champions,576.9,💰 Mid
170.0,5,209.67600000000002,55.0,0.022222222222222223,107,127.66666666666667,0.0,588.22,0.6022263450834879,0,Champions,651.7,💰 Mid
270.0,15,639.2733333333333,5.0,0.05454545454545454,254,434.0,0.0,1571.32,0.9224489795918367,1,Loyal Customers,3119.0,🐋 Whale
181.0,2,417.385,95.0,0.007246376811594203,57,158.0,0.0,424.24,0.8367346938775511,0,Champions,507.82,💰 Mid
253.0,8,425.625,26.0,0.02867383512544803,65,265.1111111111111,0.0,1305.6,0.8426716141001855,1,Loyal Customers,1289.64,🐋 Whale
184.0,7,260.7314285714286,8.0,0.036458333333333336,76,204.75,0.0,326.75,0.6586270871985158,1,Loyal Customers,792.19,💰 Mid
237.0,9,1752.254799999996,33.0,0.03333333333333333,93,1361.46111111111,0.0,3685.0121999999938,0.9929499072356215,1,Loyal Customers,10534.94,🐋 Whale
167.0,1,1752.254799999996,109.0,0.0036231884057971015,92,276.0,0.0,1695.54,0.9899814471243042,1,Loyal Customers,1038.43,💰 Mid
1.0,1,1057.18,2.0,0.3333333333333333,83,458.5,0.0,1057.18,0.9758812615955473,1,Loyal Customers,3937.76,🐋 Whale
0.0,0,0.0,15.0,0.0,9,141.0,0.0,329.67,0.41855287569573285,0,Champions,0.0,💤 Churned
274.0,9,457.8766666666666,8.0,0.031914893617021274,191,211.2,0.0,879.92,0.863821892393321,1,Loyal Customers,1905.67,🐋 Whale
269.0,5,747.046,1.0,0.018518518518518517,158,381.2857142857143,0.0,1010.95,0.9450834879406308,1,Loyal Customers,1278.36,🐋 Whale
158.0,3,560.7033333333334,27.0,0.016216216216216217,105,216.6,0.0,924.5400000000001,0.9046382189239333,1,Loyal Customers,833.75,💰 Mid
153.0,5,391.442,31.0,0.02717391304347826,76,217.33333333333334,0.0,547.27,0.8174397031539888,0,Champions,814.75,💰 Mid
257.0,19,162.4426923076923,10.0,0.09737827715355805,233,98.8,0.0,331.76,0.5417439703153989,1,Loyal Customers,1571.45,🐋 Whale
0.0,0,0.0,19.0,0.0,56,307.0,0.0,453.79,0.41855287569573285,0,Champions,269.16,💰 Mid
235.0,8,191.64875,46.0,0.028469750889679714,212,79.81818181818181,0.0,254.39000000000001,0.577365491651206,1,Loyal Customers,560.27,💰 Mid
120.0,9,96.74222222222222,3.0,0.07317073170731707,16,76.4,0.0,180.12,0.4515769944341373,1,Loyal Customers,475.14,💰 Mid
0.0,0,0.0,111.0,0.0,27,464.0,0.0,725.68,0.41855287569573285,0,Champions,0.0,💤 Churned
280.0,5,481.5,2.0,0.01773049645390071,83,293.5,0.0,590.4,0.874582560296846,1,Loyal Customers,898.37,💰 Mid
247.0,6,723.23,24.0,0.02214022140221402,320,326.85714285714283,0.0,1065.21,0.9413729128014843,1,Loyal Customers,1848.17,🐋 Whale
274.0,19,646.6153846153846,9.0,0.09187279151943463,178,256.2439024390244,0.0,1104.31,0.925417439703154,1,Loyal Customers,4941.04,🐋 Whale
59.0,1,474.54,85.0,0.006944444444444444,88,359.5,0.0,935.15,0.8708719851576995,0,Champions,475.65,💰 Mid
260.0,12,347.84999999999997,16.0,0.043478260869565216,211,207.07692307692307,0.0,582.68,0.7717996289424861,1,Loyal Customers,2149.5,🐋 Whale
79.0,2,322.2,20.0,0.020202020202020204,31,298.0,0.0,443.72,0.7447124304267161,0,Champions,471.8,💰 Mid
124.0,2,611.0699999999999,25.0,0.013422818791946308,46,311.0,0.0,1056.3600000000001,0.9161410018552876,1,Loyal Customers,701.48,💰 Mid
35.0,1,762.37,128.0,0.006134969325153374,94,226.0,0.0,980.41,0.9487940630797773,0,Champions,570.01,💰 Mid
246.0,5,984.476,30.0,0.018115942028985508,157,572.5714285714286,0.0,2671.27,0.9721706864564007,1,Loyal Customers,2564.41,🐋 Whale
0.0,0,0.0,193.0,0.0,61,555.0,0.0,897.8,0.41855287569573285,0,Champions,0.0,💤 Churned
200.0,2,525.37,41.0,0.008298755186721992,125,341.0,0.0,812.25,0.8920222634508349,1,Loyal Customers,634.82,💰 Mid
0.0,0,0.0,80.0,0.0,6,1361.46111111111,0.0,1607.04,0.41855287569573285,1,Loyal Customers,0.0,💤 Churned
0.0,0,0.0,277.0,0.0,15,213.0,0.0,373.49,0.41855287569573285,0,Champions,0.0,💤 Churned
175.0,4,273.4675,44.0,0.0182648401826484,65,103.66666666666667,0.0,330.6,0.673469387755102,0,Champions,456.19,💰 Mid
269.0,9,352.8777777777778,9.0,0.03237410071942446,89,372.4,0.0,480.68,0.7773654916512059,1,Loyal Customers,1351.36,🐋 Whale
196.0,4,353.8,53.0,0.01606425702811245,72,192.0,0.0,470.88,0.7781076066790352,0,Champions,732.72,💰 Mid
201.0,2,868.0699999999999,81.0,0.0070921985815602835,20,460.6666666666667,0.0,1095.12,0.9617810760667903,1,Loyal Customers,661.51,💰 Mid
0.0,0,0.0,228.0,0.0,24,316.0,0.0,636.94,0.41855287569573285,0,Champions,0.0,💤 Churned
184.0,4,1048.1975,52.0,0.01694915254237288,15,1281.2,0.0,1224.6,0.9743970315398887,1,Loyal Customers,1117.29,💰 Mid
200.0,1,142.5,34.0,0.004273504273504274,108,448.5,0.0,764.45,0.5128014842300557,0,Champions,380.57,💰 Mid
279.0,12,916.2616666666667,4.0,0.04240282685512368,160,260.2352941176471,0.0,2184.59,0.9673469387755103,1,Loyal Customers,5330.0,🐋 Whale
121.0,1,799.94,37.0,0.006329113924050633,166,477.0,0.0,817.47,0.9547309833024119,1,Loyal Customers,748.98,💰 Mid
0.0,0,0.0,206.0,0.0,10,122.0,0.0,175.5,0.41855287569573285,0,Champions,0.0,💤 Churned
207.0,2,280.98,72.0,0.007168458781362007,82,82.33333333333333,0.0,297.16,0.6831168831168831,0,Champions,325.59,💰 Mid
120.0,1,1110.68,79.0,0.005025125628140704,162,612.0,0.0,1110.68,0.9799628942486085,1,Loyal Customers,865.21,💰 Mid
196.0,3,1752.254799999996,48.0,0.012295081967213115,20,802.0,0.0,3376.08,0.9925788497217068,1,Loyal Customers,2606.56,🐋 Whale
111.0,2,553.85,94.0,0.00975609756097561,97,407.0,0.0,1019.42,0.9020408163265307,1,Loyal Customers,606.69,💰 Mid
144.0,4,331.4875,96.0,0.016666666666666666,69,131.4,0.0,379.1,0.7551020408163265,0,Champions,536.61,💰 Mid
265.0,3,270.1133333333333,4.0,0.011152416356877323,119,176.75,0.0,684.26,0.6708719851576994,0,Champions,593.35,💰 Mid
175.0,5,273.908,2.0,0.02824858757062147,42,254.33333333333334,0.0,496.44,0.674582560296846,0,Champions,611.56,💰 Mid
257.0,10,625.589,17.0,0.0364963503649635,145,294.0833333333333,0.0,1142.88,0.9194805194805195,1,Loyal Customers,2442.14,🐋 Whale
0.0,0,0.0,93.0,0.0,48,768.0,0.0,1580.0,0.41855287569573285,0,Champions,464.44,💰 Mid
201.0,2,1752.254799999996,10.0,0.009478672985781991,156,839.3333333333334,0.0,3685.0121999999938,0.9959183673469387,1,Loyal Customers,3012.58,🐋 Whale
88.0,6,293.8333333333333,67.0,0.03870967741935484,77,80.77777777777777,0.0,519.6,0.6957328385899815,0,Champions,448.26,💰 Mid
269.0,10,668.792,5.0,0.0364963503649635,13,649.2727272727273,0.0,1093.44,0.9346938775510204,1,Loyal Customers,2079.54,🐋 Whale
191.0,2,614.96,81.0,0.007352941176470588,280,451.0,0.0,900.08,0.9165120593692022,1,Loyal Customers,807.2,💰 Mid
257.0,11,795.9990909090909,17.0,0.040145985401459854,108,228.42105263157896,0.0,1947.01,0.9543599257884973,1,Loyal Customers,4536.04,🐋 Whale
272.0,13,450.3246153846154,4.0,0.04710144927536232,338,343.64285714285717,0.0,793.36,0.8582560296846011,1,Loyal Customers,2361.61,🐋 Whale
237.0,4,526.09,25.0,0.015267175572519083,8,409.6,0.0,750.0,0.8923933209647495,0,Champions,521.93,💰 Mid
192.0,3,331.7066666666667,76.0,0.011194029850746268,48,131.75,0.0,387.47,0.7554730983302412,0,Champions,532.01,💰 Mid
184.0,5,336.80199999999996,37.0,0.02262443438914027,52,237.83333333333334,0.0,569.0899999999999,0.7591836734693878,0,Champions,784.63,💰 Mid
160.0,4,767.0925,19.0,0.0223463687150838,225,494.8,0.0,1654.31,0.9499072356215214,1,Loyal Customers,990.44,💰 Mid
150.0,1,208.5,57.0,0.004830917874396135,19,67.5,0.0,347.15,0.6007421150278293,0,Champions,205.41,💰 Mid
258.0,4,501.975,17.0,0.014545454545454545,70,184.4,0.0,871.2,0.8831168831168831,1,Loyal Customers,819.97,💰 Mid
266.0,13,210.21076923076922,13.0,0.04659498207885305,345,139.21428571428572,0.0,302.37,0.6025974025974026,1,Loyal Customers,1213.33,🐋 Whale
0.0,0,0.0,95.0,0.0,116,543.0,0.0,516.8,0.41855287569573285,0,Champions,373.06,💰 Mid
221.0,3,645.8166666666667,18.0,0.012552301255230125,169,546.0,0.0,1547.58,0.9250463821892393,1,Loyal Customers,739.39,💰 Mid
133.0,1,407.52,44.0,0.005649717514124294,174,290.0,0.0,467.95,0.8307977736549165,0,Champions,490.12,💰 Mid
216.0,7,1196.1914285714286,5.0,0.03167420814479638,65,538.9090909090909,0.0,2251.94,0.9814471243042672,1,Loyal Customers,2382.93,🐋 Whale
60.0,1,373.40000000000003,117.0,0.005649717514124294,33,142.0,0.0,373.4,0.8007421150278293,0,Champions,292.68,💰 Mid
165.0,9,515.2800000000001,1.0,0.05421686746987952,188,279.1818181818182,0.0,1001.82,0.8886827458256029,1,Loyal Customers,2053.7,🐋 Whale
101.0,2,438.23,124.0,0.008888888888888889,77,235.5,0.0,516.28,0.8515769944341373,0,Champions,522.87,💰 Mid
261.0,15,323.8933333333333,18.0,0.053763440860215055,110,133.0625,0.0,644.13,0.7461966604823748,1,Loyal Customers,2571.38,🐋 Whale
275.0,3,137.97666666666666,1.0,0.010869565217391304,83,71.85714285714286,0.0,326.4,0.5076066790352505,0,Champions,309.51,💰 Mid
136.0,2,280.74,142.0,0.007194244604316547,20,161.66666666666666,0.0,510.95,0.6820037105751392,0,Champions,284.97,💰 Mid
165.0,3,168.09333333333333,117.0,0.010638297872340425,69,152.75,0.0,208.2,0.548051948051948,0,Champions,273.64,💰 Mid
0.0,0,0.0,64.0,0.0,40,399.0,0.0,683.64,0.41855287569573285,0,Champions,342.81,💰 Mid
279.0,19,723.0487301587301,4.0,0.2226148409893993,470,453.0,0.0,2764.29,0.9413729128014843,1,Loyal Customers,27763.88,🐋 Whale
167.0,14,409.74285714285713,9.0,0.07954545454545454,22,145.52941176470588,0.0,1175.44,0.8315398886827459,1,Loyal Customers,2428.13,🐋 Whale
260.0,19,515.8520000000001,19.0,0.07168458781362007,97,260.1818181818182,0.0,840.38,0.8890538033395177,1,Loyal Customers,3792.69,🐋 Whale
44.0,4,489.9525,6.0,0.08,112,315.0,0.0,819.26,0.8779220779220779,1,Loyal Customers,1301.71,🐋 Whale
196.0,6,326.82,41.0,0.02531645569620253,52,330.85714285714283,0.0,487.9,0.750278293135436,0,Champions,792.08,💰 Mid
267.0,19,498.0455,9.0,0.07246376811594203,67,277.3809523809524,0.0,974.62,0.8812615955473099,1,Loyal Customers,3527.98,🐋 Whale
238.0,6,712.4266666666667,32.0,0.022222222222222223,181,229.25,0.0,878.02,0.9402597402597402,1,Loyal Customers,1968.95,🐋 Whale
0.0,0,0.0,76.0,0.0,22,123.0,0.0,385.83,0.41855287569573285,0,Champions,0.0,💤 Churned
0.0,0,0.0,219.0,0.0,41,643.0,0.0,1177.8400000000001,0.41855287569573285,0,Champions,0.0,💤 Churned
0.0,0,0.0,279.0,0.0,49,123.0,0.0,263.87,0.41855287569573285,0,Champions,171.16,💰 Mid
155.0,2,489.65000000000003,128.0,0.007067137809187279,65,180.0,0.0,593.72,0.8779220779220779,0,Champions,434.67,💰 Mid
0.0,0,0.0,44.0,0.0,19,274.0,0.0,532.98,0.41855287569573285,0,Champions,0.0,💤 Churned
37.0,1,328.54,246.0,0.0035335689045936395,33,289.0,0.0,939.59,0.7525046382189239,0,Champions,0.0,💤 Churned
277.0,19,536.0457575757576,1.0,0.11870503597122302,377,221.05263157894737,0.0,874.72,0.8949907235621521,1,Loyal Customers,4842.99,🐋 Whale
137.0,5,498.254,54.0,0.02617801047120419,101,244.83333333333334,0.0,811.36,0.8812615955473099,1,Loyal Customers,942.28,💰 Mid
0.0,0,0.0,78.0,0.0,31,413.0,0.0,634.74,0.41855287569573285,0,Champions,0.0,💤 Churned
161.0,1,340.56,4.0,0.006060606060606061,22,106.0,0.0,356.84000000000003,0.7617810760667904,0,Champions,229.17,💰 Mid
275.0,14,697.2192857142857,8.0,0.04946996466431095,173,252.125,0.0,678.15,0.9391465677179963,1,Loyal Customers,4606.75,🐋 Whale
260.0,9,721.3955555555556,9.0,0.03345724907063197,201,452.1,0.0,1489.18,0.9410018552875695,1,Loyal Customers,2328.2,🐋 Whale
278.0,12,271.9841666666667,1.0,0.043010752688172046,46,90.0,0.0,664.83,0.6723562152133581,1,Loyal Customers,1469.5,🐋 Whale
266.0,8,943.70875,10.0,0.028985507246376812,246,254.08333333333334,0.0,2662.17,0.9680890538033395,1,Loyal Customers,4525.43,🐋 Whale
88.0,1,312.49,5.0,0.010752688172043012,53,371.5,0.0,585.3199999999999,0.7317254174397032,0,Champions,448.81,💰 Mid
282.0,19,298.9001333333333,1.0,0.26501766784452296,1053,152.9506172839506,0.0,733.05,0.7001855287569573,1,Loyal Customers,11671.45,🐋 Whale
227.0,11,262.6027272727273,51.0,0.039568345323741004,228,181.0,0.0,444.73,0.6608534322820037,1,Loyal Customers,1297.44,🐋 Whale
59.0,1,136.7,93.0,0.006578947368421052,46,278.0,0.0,514.9300000000001,0.5053803339517625,0,Champions,262.9,💰 Mid
120.0,1,185.61,30.0,0.006666666666666667,18,90.0,0.0,243.69,0.5706864564007421,0,Champions,153.87,💰 Mid
0.0,0,0.0,111.0,0.0,29,534.0,0.0,797.65,0.41855287569573285,0,Champions,0.0,💤 Churned
263.0,13,479.0338461538462,15.0,0.046762589928057555,83,153.95454545454547,0.0,590.03,0.8716141001855288,1,Loyal Customers,2622.52,🐋 Whale
106.0,1,1752.254799999996,128.0,0.004273504273504274,162,1361.46111111111,0.0,2919.5099999999998,0.9936920222634509,1,Loyal Customers,1753.56,🐋 Whale
239.0,7,722.6228571428571,9.0,0.028225806451612902,27,402.75,0.0,895.0,0.9413729128014843,1,Loyal Customers,1525.9,🐋 Whale
145.0,1,300.29999999999995,124.0,0.0037174721189591076,12,95.0,0.0,307.8,0.701669758812616,0,Champions,200.11,💰 Mid
107.0,1,472.54,16.0,0.008130081300813009,59,262.3333333333333,0.0,472.54,0.8697588126159554,0,Champions,454.77,💰 Mid
0.0,0,0.0,36.0,0.0,9,40.0,0.0,155.8,0.41855287569573285,0,Champions,0.0,💤 Churned
97.0,2,307.8,59.0,0.01282051282051282,77,214.0,0.0,522.29,0.7198515769944341,0,Champions,561.66,💰 Mid
235.0,3,299.52666666666664,34.0,0.011152416356877323,34,186.0,0.0,414.3,0.700556586270872,0,Champions,451.1,💰 Mid
280.0,7,190.72142857142856,2.0,0.024822695035460994,37,116.875,0.0,310.2,0.5758812615955473,0,Champions,536.03,💰 Mid
175.0,3,204.83333333333334,101.0,0.010869565217391304,64,78.6,0.0,342.61,0.5948051948051948,0,Champions,382.85,💰 Mid
157.0,2,337.69,51.0,0.009615384615384616,32,262.6666666666667,0.0,375.26,0.7595547309833024,0,Champions,380.61,💰 Mid
252.0,10,360.59000000000003,24.0,0.036231884057971016,170,123.0,0.0,765.85,0.788126159554731,1,Loyal Customers,1975.48,🐋 Whale
113.0,3,168.25333333333333,37.0,0.02,27,97.5,0.0,203.78,0.548051948051948,0,Champions,269.28,💰 Mid
158.0,8,269.17375,72.0,0.034782608695652174,163,95.4,0.0,499.95,0.6705009276437848,1,Loyal Customers,581.13,💰 Mid
0.0,0,0.0,170.0,0.0,73,215.0,0.0,331.28,0.41855287569573285,0,Champions,0.0,💤 Churned
96.0,2,1227.3,169.0,0.007547169811320755,104,444.6666666666667,0.0,1444.8,0.9821892393320965,1,Loyal Customers,951.87,💰 Mid
131.0,1,184.73,118.0,0.004016064257028112,52,68.0,0.0,184.73,0.5695732838589982,0,Champions,184.1,💰 Mid
66.0,2,317.61,85.0,0.013245033112582781,51,192.33333333333334,0.0,350.57,0.7417439703153988,0,Champions,481.01,💰 Mid
158.0,3,254.25333333333333,72.0,0.013043478260869565,110,263.75,0.0,402.41999999999996,0.6530612244897959,0,Champions,440.23,💰 Mid
118.0,2,310.345,81.0,0.010050251256281407,49,468.0,0.0,313.8,0.7257884972170686,0,Champions,369.75,💰 Mid
202.0,4,344.37,5.0,0.01932367149758454,95,268.2,0.0,366.31,0.7680890538033395,0,Champions,590.41,💰 Mid
147.0,1,322.13,125.0,0.003676470588235294,140,134.5,0.0,322.13,0.7447124304267161,0,Champions,309.99,💰 Mid
202.0,6,199.33833333333334,20.0,0.02702702702702703,76,91.5,0.0,387.71,0.5892393320964749,0,Champions,637.93,💰 Mid
192.0,1,532.22,90.0,0.0035460992907801418,66,203.5,0.0,532.22,0.8938775510204081,0,Champions,432.92,💰 Mid
0.0,0,0.0,279.0,0.0,11,116.0,0.0,165.86,0.41855287569573285,0,Champions,0.0,💤 Churned
279.0,5,361.524,3.0,0.01773049645390071,207,273.6666666666667,0.0,480.52,0.7896103896103897,1,Loyal Customers,870.87,💰 Mid
0.0,0,0.0,276.0,0.0,30,331.0,0.0,478.89,0.41855287569573285,0,Champions,0.0,💤 Churned
131.0,3,166.8133333333333,113.0,0.012295081967213115,37,77.75,0.0,283.03,0.5473098330241187,0,Champions,281.75,💰 Mid
95.0,3,168.47,2.0,0.030927835051546393,102,89.0,0.0,221.84,0.5487940630797774,0,Champions,349.71,💰 Mid
239.0,9,146.89333333333335,39.0,0.03237410071942446,4,135.6,0.0,228.96000000000004,0.5183673469387755,0,Champions,508.36,💰 Mid
0.0,0,0.0,171.0,0.0,12,87.0,0.0,216.95000000000002,0.41855287569573285,0,Champions,0.0,💤 Churned
255.0,5,449.104,15.0,0.018518518518518517,111,223.66666666666666,0.0,640.14,0.8571428571428571,1,Loyal Customers,998.13,💰 Mid
172.0,1,110.96000000000001,20.0,0.005208333333333333,42,57.5,0.0,150.83,0.46307977736549166,0,Champions,116.68,📉 Low
0.0,0,0.0,67.0,0.0,24,260.0,0.0,369.85,0.41855287569573285,0,Champions,0.0,💤 Churned
0.0,0,0.0,281.0,0.0,34,39.0,0.0,110.35000000000001,0.41855287569573285,0,Champions,0.0,💤 Churned
109.0,3,343.6933333333333,54.0,0.018404907975460124,15,262.5,0.0,456.84,0.7669758812615955,0,Champions,508.24,💰 Mid
0.0,0,0.0,17.0,0.0,24,277.0,0.0,366.45,0.41855287569573285,0,Champions,0.0,💤 Churned
0.0,0,0.0,170.0,0.0,12,212.0,0.0,333.0,0.41855287569573285,0,Champions,0.0,💤 Churned
245.0,7,134.6642857142857,32.0,0.02527075812274368,65,35.375,0.0,231.9,0.5031539888682746,0,Champions,416.88,💰 Mid
0.0,0,0.0,40.0,0.0,13,172.0,0.0,759.56,0.41855287569573285,0,Champions,0.0,💤 Churned
0.0,0,0.0,93.0,0.0,14,99.0,0.0,300.55,0.41855287569573285,0,Champions,0.0,💤 Churned
116.0,1,835.08,6.0,0.00819672131147541,37,232.0,0.0,835.08,0.9588126159554731,0,Champions,578.24,💰 Mid
231.0,3,347.6166666666666,48.0,0.010752688172043012,57,128.75,0.0,408.0,0.7714285714285715,0,Champions,510.49,💰 Mid
84.0,1,515.7,122.0,0.0048543689320388345,32,296.0,0.0,515.7,0.8886827458256029,0,Champions,364.5,💰 Mid
0.0,0,0.0,115.0,0.0,10,72.0,0.0,236.0,0.41855287569573285,0,Champions,0.0,💤 Churned
185.0,5,152.034,83.0,0.018656716417910446,51,104.16666666666667,0.0,322.01,0.527643784786642,0,Champions,455.43,💰 Mid
0.0,0,0.0,58.0,0.0,21,430.0,0.0,304.09999999999997,0.41855287569573285,0,Champions,0.0,💤 Churned
149.0,1,161.02,95.0,0.004098360655737705,37,269.5,0.0,320.21999999999997,0.5402597402597402,0,Champions,196.66,💰 Mid
13.0,1,174.64,40.0,0.018867924528301886,33,223.5,0.0,242.91,0.5554730983302412,0,Champions,311.81,💰 Mid
80.0,3,1397.493333333333,1.0,0.037037037037037035,13,1361.46111111111,0.0,2221.84,0.9851576994434137,1,Loyal Customers,1955.38,🐋 Whale
0.0,0,0.0,278.0,0.0,27,102.0,0.0,169.64999999999998,0.41855287569573285,0,Champions,0.0,💤 Churned
219.0,6,192.82333333333335,59.0,0.02158273381294964,49,74.5,0.0,227.62,0.5799628942486086,0,Champions,435.58,💰 Mid
112.0,1,251.56,167.0,0.0035842293906810036,101,123.5,0.0,363.17,0.6489795918367347,0,Champions,226.05,💰 Mid
176.0,3,170.84,106.0,0.010638297872340425,30,89.5,0.0,250.46,0.5495361781076067,0,Champions,191.01,💰 Mid
0.0,0,0.0,169.0,0.0,34,346.0,0.0,628.15,0.41855287569573285,0,Champions,0.0,💤 Churned
256.0,4,850.8425,26.0,0.014184397163120567,51,655.8,0.0,1220.4,0.9606679035250464,1,Loyal Customers,1079.44,💰 Mid
90.0,2,571.61,93.0,0.01092896174863388,44,375.3333333333333,0.0,817.44,0.9061224489795918,0,Champions,762.85,💰 Mid
142.0,3,206.76666666666665,136.0,0.01079136690647482,67,104.25,0.0,366.44,0.5974025974025974,0,Champions,293.73,💰 Mid
63.0,1,320.58,145.0,0.004807692307692308,24,176.0,0.0,320.58,0.7439703153988868,0,Champions,284.21,💰 Mid
131.0,3,352.80999999999995,52.0,0.01639344262295082,104,274.75,0.0,987.42,0.7773654916512059,1,Loyal Customers,692.13,💰 Mid
243.0,1,602.21,34.0,0.0036101083032490976,26,167.5,0.0,602.21,0.913543599257885,0,Champions,430.13,💰 Mid
235.0,4,288.175,43.0,0.014388489208633094,50,208.4,0.0,335.3,0.689795918367347,0,Champions,476.1,💰 Mid
73.0,1,116.56,10.0,0.012048192771084338,24,140.0,0.0,151.63,0.47346938775510206,0,Champions,176.34,💰 Mid
0.0,0,0.0,93.0,0.0,20,77.0,0.0,102.97999999999999,0.41855287569573285,0,Champions,0.0,💤 Churned
0.0,0,0.0,228.0,0.0,7,78.0,0.0,153.78,0.41855287569573285,0,Champions,0.0,💤 Churned
188.0,3,162.85,33.0,0.013574660633484163,21,123.5,0.0,509.5,0.5417439703153989,0,Champions,420.36,💰 Mid
0.0,0,0.0,178.0,0.0,3,192.0,0.0,306.64,0.41855287569573285,0,Champions,0.0,💤 Churned
190.0,1,258.12,73.0,0.0038022813688212928,16,77.0,0.0,258.12,0.6567717996289425,0,Champions,183.21,💰 Mid
98.0,2,449.485,18.0,0.017241379310344827,46,350.3333333333333,0.0,563.64,0.8571428571428571,0,Champions,577.87,💰 Mid
190.0,2,267.83000000000004,17.0,0.00966183574879227,18,149.0,0.0,398.97999999999996,0.6697588126159555,0,Champions,270.73,💰 Mid
0.0,0,0.0,219.0,0.0,11,122.0,0.0,195.9,0.41855287569573285,0,Champions,0.0,💤 Churned
0.0,0,0.0,95.0,0.0,11,358.0,0.0,318.7,0.41855287569573285,0,Champions,0.0,💤 Churned
138.0,3,638.3733333333333,24.0,0.018518518518518517,144,292.57142857142856,0.0,1534.3,0.9224489795918367,1,Loyal Customers,816.0,💰 Mid
144.0,5,307.668,82.0,0.022123893805309734,188,93.42857142857143,0.0,555.27,0.7194805194805195,1,Loyal Customers,748.4,💰 Mid
0.0,0,0.0,22.0,0.0,7,102.0,0.0,115.72,0.41855287569573285,0,Champions,0.0,💤 Churned
180.0,4,265.58,15.0,0.020512820512820513,49,194.6,0.0,431.78,0.6656771799628942,0,Champions,497.69,💰 Mid
0.0,0,0.0,156.0,0.0,52,51.5,0.0,160.1,0.41855287569573285,0,Champions,0.0,💤 Churned
0.0,0,0.0,15.0,0.0,16,140.0,0.0,285.16,0.41855287569573285,0,Champions,195.11,💰 Mid
29.0,1,205.84,115.0,0.006944444444444444,19,93.0,0.0,205.84,0.5970315398886827,0,Champions,169.14,💰 Mid
120.0,1,453.75,58.0,0.0056179775280898875,42,254.5,0.0,453.75,0.8586270871985158,0,Champions,372.83,💰 Mid
0.0,0,0.0,218.0,0.0,14,157.0,0.0,310.73,0.41855287569573285,0,Champions,0.0,💤 Churned
0.0,0,0.0,208.0,0.0,8,66.0,0.0,187.50000000000003,0.41855287569573285,0,Champions,0.0,💤 Churned
231.0,7,120.41285714285716,13.0,0.028688524590163935,17,32.125,0.0,385.47,0.47977736549165123,0,Champions,428.04,💰 Mid
0.0,0,0.0,9.0,0.0,1,24.0,0.0,118.80000000000001,0.41855287569573285,0,Champions,0.0,💤 Churned
259.0,3,226.82000000000002,23.0,0.010638297872340425,25,139.5,0.0,310.8,0.6244897959183674,0,Champions,283.95,💰 Mid
262.0,7,325.4814285714286,9.0,0.025830258302583026,245,146.88888888888889,0.0,614.38,0.7487940630797774,1,Loyal Customers,1200.5,🐋 Whale
250.0,4,306.8075,26.0,0.014492753623188406,54,166.6,0.0,676.1,0.7172541743970315,0,Champions,682.88,💰 Mid
0.0,0,0.0,232.0,0.0,8,4.0,0.0,17.2,0.41855287569573285,0,Champions,0.0,💤 Churned
195.0,5,166.34,16.0,0.023696682464454975,42,91.83333333333333,0.0,308.2,0.5450834879406308,0,Champions,463.5,💰 Mid
0.0,0,0.0,222.0,0.0,15,37.0,0.0,131.7,0.41855287569573285,0,Champions,0.0,💤 Churned
0.0,0,0.0,129.0,0.0,11,40.0,0.0,114.04,0.41855287569573285,0,Champions,0.0,💤 Churned
202.0,2,348.605,66.0,0.007462686567164179,45,136.66666666666666,0.0,366.6,0.7732838589981447,0,Champions,444.21,💰 Mid
121.0,1,110.38,128.0,0.004016064257028112,35,91.0,0.0,201.94,0.4623376623376623,0,Champions,0.0,💤 Churned
23.0,1,14.95,123.0,0.00684931506849315,32,367.5,0.0,856.63,0.42115027829313545,0,Champions,0.0,💤 Churned
253.0,4,376.9625,25.0,0.014388489208633094,39,197.8,0.0,429.12,0.8048237476808905,0,Champions,587.54,💰 Mid
222.0,8,215.16125,4.0,0.035398230088495575,71,89.22222222222223,0.0,430.5,0.6074211502782931,1,Loyal Customers,856.34,💰 Mid
0.0,0,0.0,236.0,0.0,23,171.0,0.0,220.9,0.41855287569573285,0,Champions,0.0,💤 Churned
195.0,3,701.9,33.0,0.013157894736842105,84,334.5,0.0,1388.92,0.939517625231911,1,Loyal Customers,871.28,💰 Mid
0.0,0,0.0,129.0,0.0,16,164.0,0.0,252.1,0.41855287569573285,0,Champions,0.0,💤 Churned
0.0,0,0.0,226.0,0.0,24,410.0,0.0,556.46,0.41855287569573285,0,Champions,0.0,💤 Churned
208.0,2,352.18499999999995,67.0,0.007272727272727273,38,174.66666666666666,0.0,394.18,0.776252319109462,0,Champions,394.06,💰 Mid
0.0,0,0.0,146.0,0.0,18,127.0,0.0,302.85,0.41855287569573285,0,Champions,0.0,💤 Churned
59.0,1,379.22,85.0,0.006944444444444444,33,220.5,0.0,424.64,0.8059369202226345,0,Champions,351.38,💰 Mid
80.0,2,304.385,118.0,0.010101010101010102,40,91.33333333333333,0.0,423.55,0.7090909090909091,0,Champions,336.54,💰 Mid
25.0,1,307.8,48.0,0.0136986301369863,12,418.0,0.0,576.4,0.7198515769944341,0,Champions,386.61,💰 Mid
0.0,0,0.0,178.0,0.0,3,156.0,0.0,152.76,0.41855287569573285,0,Champions,0.0,💤 Churned
0.0,0,0.0,37.0,0.0,34,281.0,0.0,511.03,0.41855287569573285,0,Champions,282.48,💰 Mid
174.0,2,632.9200000000001,47.0,0.00904977375565611,110,286.0,0.0,846.69,0.9217068645640074,1,Loyal Customers,653.94,💰 Mid
131.0,3,273.10999999999996,95.0,0.01327433628318584,32,96.5,0.0,388.0,0.673469387755102,0,Champions,358.26,💰 Mid
0.0,0,0.0,37.0,0.0,16,245.0,0.0,749.45,0.41855287569573285,0,Champions,0.0,💤 Churned
0.0,0,0.0,30.0,0.0,18,230.0,0.0,285.68,0.41855287569573285,0,Champions,192.28,💰 Mid
83.0,1,817.89,19.0,0.00980392156862745,113,449.5,0.0,817.89,0.9565862708719851,1,Loyal Customers,610.77,💰 Mid
0.0,0,0.0,2.0,0.0,25,554.0,0.0,905.6,0.41855287569573285,0,Champions,292.17,💰 Mid
0.0,0,0.0,170.0,0.0,16,238.0,0.0,227.32,0.41855287569573285,0,Champions,0.0,💤 Churned
0.0,0,0.0,142.0,0.0,18,115.0,0.0,257.89,0.41855287569573285,0,Champions,0.0,💤 Churned
246.0,5,463.076,37.0,0.0176678445229682,84,145.5,0.0,562.4,0.8653061224489796,0,Champions,949.87,💰 Mid
112.0,2,148.875,38.0,0.013333333333333334,116,95.5,0.0,272.21,0.5224489795918368,0,Champions,305.26,💰 Mid
256.0,11,268.92727272727274,18.0,0.040145985401459854,37,45.61538461538461,0.0,388.05,0.6701298701298701,1,Loyal Customers,944.8,💰 Mid
253.0,1,662.5600000000001,16.0,0.0037174721189591076,66,220.0,0.0,662.5600000000001,0.9320964749536178,0,Champions,603.44,💰 Mid
87.0,2,299.3,155.0,0.008264462809917356,33,174.0,0.0,462.5,0.700556586270872,0,Champions,358.5,💰 Mid
51.0,1,120.05000000000001,72.0,0.008130081300813009,9,27.5,0.0,137.9,0.4790352504638219,0,Champions,0.0,💤 Churned
0.0,0,0.0,46.0,0.0,13,166.0,0.0,136.29,0.41855287569573285,0,Champions,0.0,💤 Churned
193.0,5,425.154,5.0,0.025252525252525252,119,310.6666666666667,0.0,769.24,0.8426716141001855,1,Loyal Customers,910.27,💰 Mid
230.0,3,225.01333333333332,45.0,0.01090909090909091,35,96.33333333333333,0.0,358.22,0.6226345083487941,0,Champions,341.56,💰 Mid
166.0,1,556.93,74.0,0.004166666666666667,82,119.0,0.0,556.93,0.9038961038961039,0,Champions,493.58,💰 Mid
227.0,2,430.345,41.0,0.007462686567164179,165,123.33333333333333,0.0,536.59,0.8467532467532467,0,Champions,597.89,💰 Mid
0.0,0,0.0,180.0,0.0,19,34.0,0.0,118.05,0.41855287569573285,0,Champions,0.0,💤 Churned
162.0,6,451.13500000000005,9.0,0.03508771929824561,43,149.85714285714286,0.0,809.9200000000001,0.8586270871985158,1,Loyal Customers,1363.01,🐋 Whale
0.0,0,0.0,10.0,0.0,23,384.0,0.0,292.68,0.41855287569573285,0,Champions,188.08,💰 Mid
0.0,0,0.0,10.0,0.0,63,158.0,0.0,186.31,0.41855287569573285,0,Champions,195.27,💰 Mid
0.0,0,0.0,156.0,0.0,14,445.0,0.0,482.78999999999996,0.41855287569573285,0,Champions,0.0,💤 Churned
252.0,6,472.7266666666667,16.0,0.022388059701492536,150,269.0,0.0,691.21,0.8697588126159554,1,Loyal Customers,1309.21,🐋 Whale
178.0,1,142.05,44.0,0.0045045045045045045,26,100.0,0.0,145.25,0.5120593692022264,0,Champions,138.47,📉 Low
256.0,5,347.998,18.0,0.01824817518248175,71,189.0,0.0,402.08000000000004,0.7717996289424861,0,Champions,696.39,💰 Mid
198.0,3,433.8166666666666,74.0,0.011029411764705883,51,194.2,0.0,522.08,0.8482374768089054,0,Champions,681.77,💰 Mid
44.0,1,305.56,135.0,0.00558659217877095,18,132.5,0.0,305.56,0.7142857142857143,0,Champions,0.0,💤 Churned
0.0,0,0.0,80.0,0.0,20,211.0,0.0,459.84,0.41855287569573285,0,Champions,0.0,💤 Churned
0.0,0,0.0,123.0,0.0,22,252.0,0.0,344.86,0.41855287569573285,0,Champions,0.0,💤 Churned
